A,B,V
0,0,1.0
0,9,1.0
0,16,1.0
0,20,1.0
0,48,1.0
0,58,1.0
0,59,1.0
0,76,1.0
0,81,1.0
0,89,1.0
0,95,1.0
0,109,1.0
0,111,1.0
0,112,1.0
0,115,1.0
0,117,1.0
0,124,1.0
0,142,1.0
0,143,1.0
0,147,1.0
0,163,1.0
0,169,1.0
0,170,1.0
0,172,1.0
0,193,1.0
0,195,1.0
0,200,1.0
0,202,1.0
0,207,1.0
0,211,1.0
0,212,1.0
0,217,1.0
0,219,1.0
0,235,1.0
0,255,1.0
0,263,1.0
0,277,1.0
0,279,1.0
0,297,1.0
0,303,1.0
0,310,1.0
0,319,1.0
0,324,1.0
0,330,1.0
0,338,1.0
0,343,1.0
0,345,1.0
0,363,1.0
0,370,1.0
0,372,1.0
0,374,1.0
0,387,1.0
0,389,1.0
0,398,1.0
0,400,1.0
0,407,1.0
0,413,1.0
0,414,1.0
0,415,1.0
0,421,1.0
0,424,1.0
0,439,1.0
0,453,1.0
0,459,1.0
0,466,1.0
0,468,1.0
0,476,1.0
0,478,1.0
0,479,1.0
0,481,1.0
0,483,1.0
0,489,1.0
0,494,1.0
0,500,1.0
0,502,1.0
0,509,1.0
0,523,1.0
0,527,1.0
0,531,1.0
0,534,1.0
0,537,1.0
0,541,1.0
1,1,1.0
2,2,1.0
3,3,1.0
4,4,1.0
4,9,1.0
4,76,1.0
4,89,1.0
4,196,1.0
4,235,1.0
4,315,1.0
4,374,1.0
4,387,1.0
4,448,1.0
4,470,1.0
4,502,1.0
5,5,1.0
5,39,1.0
5,65,1.0
5,143,1.0
5,313,1.0
5,372,1.0
5,378,1.0
5,387,1.0
5,437,1.0
5,438,1.0
5,534,1.0
6,6,1.0
6,9,1.0
6,76,1.0
6,109,1.0
6,170,1.0
6,235,1.0
6,283,1.0
6,315,1.0
6,343,1.0
6,374,1.0
6,387,1.0
6,397,1.0
6,414,1.0
6,448,1.0
6,459,1.0
6,502,1.0
6,537,1.0
7,7,1.0
8,8,1.0
9,0,1.0
9,4,1.0
9,6,1.0
9,9,1.0
10,10,1.0
11,11,1.0
12,12,1.0
13,13,1.0
13,25,1.0
13,34,1.0
13,35,1.0
13,47,1.0
13,48,1.0
13,68,1.0
13,75,1.0
13,76,1.0
13,95,1.0
13,109,1.0
13,124,1.0
13,135,1.0
13,163,1.0
13,168,1.0
13,170,1.0
13,189,1.0
13,195,1.0
13,204,1.0
13,212,1.0
13,231,1.0
13,235,1.0
13,255,1.0
13,263,1.0
13,266,1.0
13,283,1.0
13,296,1.0
13,299,1.0
13,301,1.0
13,307,1.0
13,308,1.0
13,310,1.0
13,313,1.0
13,315,1.0
13,316,1.0
13,321,1.0
13,327,1.0
13,338,1.0
13,339,1.0
13,342,1.0
13,343,1.0
13,363,1.0
13,367,1.0
13,369,1.0
13,374,1.0
13,387,1.0
13,389,1.0
13,397,1.0
13,407,1.0
13,411,1.0
13,414,1.0
13,418,1.0
13,419,1.0
13,436,1.0
13,437,1.0
13,448,1.0
13,454,1.0
13,459,1.0
13,470,1.0
13,478,1.0
13,483,1.0
13,486,1.0
13,489,1.0
13,498,1.0
13,502,1.0
13,509,1.0
13,519,1.0
13,537,1.0
13,538,1.0
13,541,1.0
14,14,1.0
15,15,1.0
16,0,1.0
16,16,1.0
16,20,1.0
16,58,1.0
16,76,1.0
16,89,1.0
16,109,1.0
16,117,1.0
16,147,1.0
16,163,1.0
16,169,1.0
16,170,1.0
16,193,1.0
16,195,1.0
16,235,1.0
16,263,1.0
16,277,1.0
16,310,1.0
16,343,1.0
16,374,1.0
16,387,1.0
16,400,1.0
16,414,1.0
16,459,1.0
16,466,1.0
16,483,1.0
16,489,1.0
16,494,1.0
16,502,1.0
16,537,1.0
17,17,1.0
18,18,1.0
18,197,1.0
18,236,1.0
18,389,1.0
18,439,1.0
18,450,1.0
18,484,1.0
19,19,1.0
20,0,1.0
20,16,1.0
20,20,1.0
21,21,1.0
22,22,1.0
23,23,1.0
24,24,1.0
25,13,1.0
25,25,1.0
25,76,1.0
25,109,1.0
25,163,1.0
25,170,1.0
25,195,1.0
25,235,1.0
25,263,1.0
25,283,1.0
25,299,1.0
25,301,1.0
25,310,1.0
25,315,1.0
25,321,1.0
25,342,1.0
25,369,1.0
25,374,1.0
25,387,1.0
25,397,1.0
25,414,1.0
25,448,1.0
25,459,1.0
25,470,1.0
25,483,1.0
25,486,1.0
25,489,1.0
25,502,1.0
25,537,1.0
26,26,1.0
27,27,1.0
27,109,1.0
27,195,1.0
27,219,1.0
27,263,1.0
27,389,1.0
28,28,1.0
28,51,1.0
28,143,1.0
28,195,1.0
28,300,1.0
28,389,1.0
28,459,1.0
28,479,1.0
29,29,1.0
29,343,1.0
30,30,1.0
30,44,1.0
30,47,1.0
30,48,1.0
30,51,1.0
30,68,1.0
30,75,1.0
30,76,1.0
30,89,1.0
30,98,1.0
30,111,1.0
30,112,1.0
30,115,1.0
30,116,1.0
30,117,1.0
30,124,1.0
30,135,1.0
30,140,1.0
30,143,1.0
30,163,1.0
30,167,1.0
30,169,1.0
30,172,1.0
30,173,1.0
30,184,1.0
30,195,1.0
30,197,1.0
30,204,1.0
30,207,1.0
30,211,1.0
30,226,1.0
30,228,1.0
30,237,1.0
30,250,1.0
30,255,1.0
30,280,1.0
30,282,1.0
30,283,1.0
30,288,1.0
30,289,1.0
30,302,1.0
30,307,1.0
30,308,1.0
30,310,1.0
30,315,1.0
30,316,1.0
30,330,1.0
30,333,1.0
30,342,1.0
30,343,1.0
30,344,1.0
30,345,1.0
30,361,1.0
30,362,1.0
30,372,1.0
30,374,1.0
30,388,1.0
30,389,1.0
30,400,1.0
30,407,1.0
30,411,1.0
30,413,1.0
30,415,1.0
30,418,1.0
30,426,1.0
30,439,1.0
30,443,1.0
30,448,1.0
30,449,1.0
30,453,1.0
30,459,1.0
30,461,1.0
30,462,1.0
30,466,1.0
30,468,1.0
30,476,1.0
30,478,1.0
30,479,1.0
30,494,1.0
30,498,1.0
30,504,1.0
30,506,1.0
30,509,1.0
30,510,1.0
30,513,1.0
30,520,1.0
30,526,1.0
30,535,1.0
30,541,1.0
31,31,1.0
31,82,1.0
31,96,1.0
31,143,1.0
31,220,1.0
31,256,1.0
31,300,1.0
31,323,1.0
31,351,1.0
31,370,1.0
31,374,1.0
31,389,1.0
31,405,1.0
31,475,1.0
31,485,1.0
31,502,1.0
31,518,1.0
31,531,1.0
31,539,1.0
32,32,1.0
32,40,1.0
32,175,1.0
32,218,1.0
32,219,1.0
32,259,1.0
32,302,1.0
32,387,1.0
32,389,1.0
32,405,1.0
32,425,1.0
32,476,1.0
32,502,1.0
33,33,1.0
34,13,1.0
34,34,1.0
34,95,1.0
34,109,1.0
34,195,1.0
34,235,1.0
34,263,1.0
34,369,1.0
34,387,1.0
34,389,1.0
34,448,1.0
34,478,1.0
34,483,1.0
35,13,1.0
35,35,1.0
35,47,1.0
35,48,1.0
35,68,1.0
35,75,1.0
35,76,1.0
35,109,1.0
35,163,1.0
35,170,1.0
35,195,1.0
35,231,1.0
35,235,1.0
35,263,1.0
35,283,1.0
35,296,1.0
35,299,1.0
35,301,1.0
35,308,1.0
35,310,1.0
35,315,1.0
35,321,1.0
35,342,1.0
35,363,1.0
35,369,1.0
35,374,1.0
35,387,1.0
35,397,1.0
35,407,1.0
35,411,1.0
35,414,1.0
35,437,1.0
35,448,1.0
35,459,1.0
35,470,1.0
35,478,1.0
35,483,1.0
35,486,1.0
35,489,1.0
35,498,1.0
35,502,1.0
35,537,1.0
35,541,1.0
36,36,1.0
36,45,1.0
36,58,1.0
36,64,1.0
36,74,1.0
36,76,1.0
36,81,1.0
36,82,1.0
36,84,1.0
36,89,1.0
36,98,1.0
36,101,1.0
36,109,1.0
36,117,1.0
36,121,1.0
36,132,1.0
36,145,1.0
36,147,1.0
36,161,1.0
36,163,1.0
36,167,1.0
36,169,1.0
36,170,1.0
36,180,1.0
36,185,1.0
36,188,1.0
36,193,1.0
36,195,1.0
36,196,1.0
36,216,1.0
36,235,1.0
36,250,1.0
36,263,1.0
36,277,1.0
36,282,1.0
36,283,1.0
36,288,1.0
36,299,1.0
36,301,1.0
36,307,1.0
36,310,1.0
36,314,1.0
36,315,1.0
36,316,1.0
36,321,1.0
36,327,1.0
36,342,1.0
36,343,1.0
36,351,1.0
36,367,1.0
36,369,1.0
36,374,1.0
36,387,1.0
36,394,1.0
36,397,1.0
36,400,1.0
36,414,1.0
36,427,1.0
36,440,1.0
36,442,1.0
36,448,1.0
36,459,1.0
36,461,1.0
36,466,1.0
36,470,1.0
36,474,1.0
36,483,1.0
36,486,1.0
36,489,1.0
36,494,1.0
36,497,1.0
36,502,1.0
36,506,1.0
36,518,1.0
36,519,1.0
36,527,1.0
36,537,1.0
36,544,1.0
36,546,1.0
37,37,1.0
37,152,1.0
37,338,1.0
37,410,1.0
38,38,1.0
39,5,1.0
39,39,1.0
39,65,1.0
39,143,1.0
39,313,1.0
39,372,1.0
39,378,1.0
39,387,1.0
39,437,1.0
39,438,1.0
39,534,1.0
40,32,1.0
40,40,1.0
40,389,1.0
41,41,1.0
42,42,1.0
43,43,1.0
44,30,1.0
44,44,1.0
44,47,1.0
44,48,1.0
44,51,1.0
44,68,1.0
44,75,1.0
44,76,1.0
44,89,1.0
44,98,1.0
44,111,1.0
44,112,1.0
44,115,1.0
44,116,1.0
44,117,1.0
44,124,1.0
44,135,1.0
44,140,1.0
44,143,1.0
44,163,1.0
44,167,1.0
44,169,1.0
44,172,1.0
44,173,1.0
44,184,1.0
44,195,1.0
44,197,1.0
44,204,1.0
44,207,1.0
44,211,1.0
44,226,1.0
44,228,1.0
44,237,1.0
44,250,1.0
44,255,1.0
44,280,1.0
44,282,1.0
44,283,1.0
44,288,1.0
44,289,1.0
44,302,1.0
44,307,1.0
44,308,1.0
44,310,1.0
44,315,1.0
44,316,1.0
44,330,1.0
44,333,1.0
44,342,1.0
44,343,1.0
44,344,1.0
44,345,1.0
44,361,1.0
44,362,1.0
44,372,1.0
44,374,1.0
44,388,1.0
44,389,1.0
44,400,1.0
44,407,1.0
44,411,1.0
44,413,1.0
44,415,1.0
44,418,1.0
44,426,1.0
44,439,1.0
44,443,1.0
44,448,1.0
44,449,1.0
44,453,1.0
44,459,1.0
44,461,1.0
44,462,1.0
44,466,1.0
44,468,1.0
44,476,1.0
44,478,1.0
44,479,1.0
44,494,1.0
44,498,1.0
44,504,1.0
44,506,1.0
44,509,1.0
44,510,1.0
44,513,1.0
44,520,1.0
44,526,1.0
44,535,1.0
44,541,1.0
45,36,1.0
45,45,1.0
45,58,1.0
45,76,1.0
45,81,1.0
45,82,1.0
45,89,1.0
45,98,1.0
45,109,1.0
45,117,1.0
45,161,1.0
45,163,1.0
45,167,1.0
45,170,1.0
45,188,1.0
45,195,1.0
45,196,1.0
45,216,1.0
45,235,1.0
45,263,1.0
45,283,1.0
45,299,1.0
45,301,1.0
45,310,1.0
45,315,1.0
45,321,1.0
45,342,1.0
45,369,1.0
45,374,1.0
45,387,1.0
45,394,1.0
45,397,1.0
45,400,1.0
45,414,1.0
45,448,1.0
45,459,1.0
45,470,1.0
45,474,1.0
45,483,1.0
45,486,1.0
45,489,1.0
45,494,1.0
45,502,1.0
45,506,1.0
45,537,1.0
45,544,1.0
46,46,1.0
47,13,1.0
47,30,1.0
47,35,1.0
47,44,1.0
47,47,1.0
47,411,1.0
47,448,1.0
47,459,1.0
47,478,1.0
48,0,1.0
48,13,1.0
48,30,1.0
48,35,1.0
48,44,1.0
48,48,1.0
49,49,1.0
49,58,1.0
49,61,1.0
49,68,1.0
49,75,1.0
49,76,1.0
49,89,1.0
49,95,1.0
49,97,1.0
49,98,1.0
49,109,1.0
49,111,1.0
49,112,1.0
49,115,1.0
49,117,1.0
49,124,1.0
49,135,1.0
49,143,1.0
49,147,1.0
49,148,1.0
49,165,1.0
49,167,1.0
49,169,1.0
49,170,1.0
49,196,1.0
49,211,1.0
49,219,1.0
49,235,1.0
49,250,1.0
49,254,1.0
49,255,1.0
49,259,1.0
49,266,1.0
49,283,1.0
49,289,1.0
49,301,1.0
49,308,1.0
49,315,1.0
49,324,1.0
49,343,1.0
49,363,1.0
49,372,1.0
49,374,1.0
49,387,1.0
49,389,1.0
49,392,1.0
49,397,1.0
49,404,1.0
49,407,1.0
49,411,1.0
49,414,1.0
49,415,1.0
49,418,1.0
49,424,1.0
49,439,1.0
49,448,1.0
49,449,1.0
49,450,1.0
49,455,1.0
49,459,1.0
49,462,1.0
49,466,1.0
49,468,1.0
49,470,1.0
49,471,1.0
49,474,1.0
49,478,1.0
49,479,1.0
49,494,1.0
49,500,1.0
49,502,1.0
49,506,1.0
49,509,1.0
49,529,1.0
49,537,1.0
49,541,1.0
49,546,1.0
50,50,1.0
50,536,1.0
51,28,1.0
51,30,1.0
51,44,1.0
51,51,1.0
52,52,1.0
53,53,1.0
54,54,1.0
55,55,1.0
56,56,1.0
56,224,1.0
56,406,1.0
57,57,1.0
58,0,1.0
58,16,1.0
58,36,1.0
58,45,1.0
58,49,1.0
58,58,1.0
58,76,1.0
58,89,1.0
58,109,1.0
58,117,1.0
58,170,1.0
58,235,1.0
58,374,1.0
58,387,1.0
58,414,1.0
58,459,1.0
58,494,1.0
58,502,1.0
58,537,1.0
59,0,1.0
59,59,1.0
59,76,1.0
59,81,1.0
59,89,1.0
59,95,1.0
59,109,1.0
59,111,1.0
59,112,1.0
59,115,1.0
59,117,1.0
59,124,1.0
59,142,1.0
59,143,1.0
59,147,1.0
59,163,1.0
59,169,1.0
59,170,1.0
59,172,1.0
59,193,1.0
59,195,1.0
59,200,1.0
59,202,1.0
59,207,1.0
59,211,1.0
59,212,1.0
59,217,1.0
59,219,1.0
59,235,1.0
59,255,1.0
59,263,1.0
59,277,1.0
59,279,1.0
59,297,1.0
59,303,1.0
59,310,1.0
59,319,1.0
59,324,1.0
59,330,1.0
59,338,1.0
59,343,1.0
59,345,1.0
59,363,1.0
59,370,1.0
59,372,1.0
59,374,1.0
59,387,1.0
59,389,1.0
59,398,1.0
59,400,1.0
59,407,1.0
59,413,1.0
59,414,1.0
59,415,1.0
59,421,1.0
59,424,1.0
59,439,1.0
59,453,1.0
59,459,1.0
59,466,1.0
59,468,1.0
59,476,1.0
59,478,1.0
59,479,1.0
59,481,1.0
59,483,1.0
59,489,1.0
59,494,1.0
59,500,1.0
59,502,1.0
59,509,1.0
59,523,1.0
59,527,1.0
59,531,1.0
59,534,1.0
59,537,1.0
59,541,1.0
60,60,1.0
61,49,1.0
61,61,1.0
61,68,1.0
61,75,1.0
61,76,1.0
61,89,1.0
61,95,1.0
61,97,1.0
61,98,1.0
61,109,1.0
61,111,1.0
61,112,1.0
61,115,1.0
61,117,1.0
61,124,1.0
61,135,1.0
61,143,1.0
61,147,1.0
61,148,1.0
61,165,1.0
61,167,1.0
61,169,1.0
61,170,1.0
61,196,1.0
61,211,1.0
61,219,1.0
61,235,1.0
61,250,1.0
61,254,1.0
61,255,1.0
61,259,1.0
61,266,1.0
61,283,1.0
61,289,1.0
61,301,1.0
61,308,1.0
61,315,1.0
61,324,1.0
61,343,1.0
61,363,1.0
61,372,1.0
61,374,1.0
61,387,1.0
61,389,1.0
61,392,1.0
61,397,1.0
61,404,1.0
61,407,1.0
61,411,1.0
61,414,1.0
61,415,1.0
61,418,1.0
61,424,1.0
61,439,1.0
61,448,1.0
61,449,1.0
61,450,1.0
61,455,1.0
61,459,1.0
61,462,1.0
61,466,1.0
61,468,1.0
61,470,1.0
61,471,1.0
61,474,1.0
61,478,1.0
61,479,1.0
61,494,1.0
61,500,1.0
61,502,1.0
61,506,1.0
61,509,1.0
61,529,1.0
61,537,1.0
61,541,1.0
61,546,1.0
62,62,1.0
63,63,1.0
63,89,1.0
63,98,1.0
63,111,1.0
63,112,1.0
63,116,1.0
63,117,1.0
63,124,1.0
63,135,1.0
63,140,1.0
63,143,1.0
63,160,1.0
63,163,1.0
63,167,1.0
63,169,1.0
63,172,1.0
63,173,1.0
63,183,1.0
63,184,1.0
63,192,1.0
63,195,1.0
63,197,1.0
63,204,1.0
63,206,1.0
63,207,1.0
63,211,1.0
63,228,1.0
63,237,1.0
63,250,1.0
63,255,1.0
63,274,1.0
63,278,1.0
63,280,1.0
63,283,1.0
63,295,1.0
63,300,1.0
63,302,1.0
63,307,1.0
63,308,1.0
63,310,1.0
63,312,1.0
63,315,1.0
63,316,1.0
63,333,1.0
63,344,1.0
63,362,1.0
63,372,1.0
63,374,1.0
63,388,1.0
63,389,1.0
63,407,1.0
63,409,1.0
63,411,1.0
63,413,1.0
63,443,1.0
63,448,1.0
63,453,1.0
63,459,1.0
63,461,1.0
63,462,1.0
63,466,1.0
63,468,1.0
63,478,1.0
63,479,1.0
63,494,1.0
63,502,1.0
63,504,1.0
63,510,1.0
63,516,1.0
63,520,1.0
63,526,1.0
63,540,1.0
63,541,1.0
64,36,1.0
64,64,1.0
64,74,1.0
64,76,1.0
64,81,1.0
64,82,1.0
64,84,1.0
64,89,1.0
64,98,1.0
64,101,1.0
64,109,1.0
64,117,1.0
64,121,1.0
64,132,1.0
64,145,1.0
64,147,1.0
64,161,1.0
64,163,1.0
64,167,1.0
64,169,1.0
64,170,1.0
64,180,1.0
64,185,1.0
64,188,1.0
64,193,1.0
64,195,1.0
64,196,1.0
64,216,1.0
64,235,1.0
64,250,1.0
64,263,1.0
64,277,1.0
64,282,1.0
64,283,1.0
64,288,1.0
64,299,1.0
64,301,1.0
64,307,1.0
64,310,1.0
64,314,1.0
64,315,1.0
64,316,1.0
64,321,1.0
64,327,1.0
64,342,1.0
64,343,1.0
64,351,1.0
64,367,1.0
64,369,1.0
64,374,1.0
64,387,1.0
64,394,1.0
64,397,1.0
64,400,1.0
64,414,1.0
64,427,1.0
64,440,1.0
64,442,1.0
64,448,1.0
64,459,1.0
64,461,1.0
64,466,1.0
64,470,1.0
64,474,1.0
64,483,1.0
64,486,1.0
64,489,1.0
64,494,1.0
64,497,1.0
64,502,1.0
64,506,1.0
64,518,1.0
64,519,1.0
64,527,1.0
64,537,1.0
64,544,1.0
64,546,1.0
65,5,1.0
65,39,1.0
65,65,1.0
65,372,1.0
65,387,1.0
65,437,1.0
65,438,1.0
66,66,1.0
67,67,1.0
68,13,1.0
68,30,1.0
68,35,1.0
68,44,1.0
68,49,1.0
68,61,1.0
68,68,1.0
69,69,1.0
70,70,1.0
71,71,1.0
71,75,1.0
71,76,1.0
71,84,1.0
71,89,1.0
71,95,1.0
71,97,1.0
71,98,1.0
71,109,1.0
71,111,1.0
71,112,1.0
71,117,1.0
71,124,1.0
71,135,1.0
71,136,1.0
71,143,1.0
71,147,1.0
71,163,1.0
71,167,1.0
71,169,1.0
71,170,1.0
71,188,1.0
71,193,1.0
71,195,1.0
71,196,1.0
71,212,1.0
71,217,1.0
71,235,1.0
71,250,1.0
71,255,1.0
71,263,1.0
71,266,1.0
71,277,1.0
71,283,1.0
71,308,1.0
71,310,1.0
71,315,1.0
71,319,1.0
71,324,1.0
71,334,1.0
71,338,1.0
71,342,1.0
71,343,1.0
71,363,1.0
71,368,1.0
71,374,1.0
71,387,1.0
71,389,1.0
71,392,1.0
71,397,1.0
71,400,1.0
71,402,1.0
71,407,1.0
71,411,1.0
71,414,1.0
71,415,1.0
71,424,1.0
71,437,1.0
71,441,1.0
71,448,1.0
71,450,1.0
71,454,1.0
71,459,1.0
71,461,1.0
71,466,1.0
71,468,1.0
71,474,1.0
71,478,1.0
71,483,1.0
71,489,1.0
71,494,1.0
71,502,1.0
71,506,1.0
71,509,1.0
71,529,1.0
71,537,1.0
71,541,1.0
72,72,1.0
73,73,1.0
74,36,1.0
74,64,1.0
74,74,1.0
74,76,1.0
74,81,1.0
74,82,1.0
74,84,1.0
74,89,1.0
74,98,1.0
74,101,1.0
74,109,1.0
74,117,1.0
74,121,1.0
74,132,1.0
74,145,1.0
74,147,1.0
74,161,1.0
74,163,1.0
74,167,1.0
74,169,1.0
74,170,1.0
74,180,1.0
74,185,1.0
74,188,1.0
74,193,1.0
74,195,1.0
74,196,1.0
74,216,1.0
74,235,1.0
74,250,1.0
74,263,1.0
74,277,1.0
74,282,1.0
74,283,1.0
74,288,1.0
74,299,1.0
74,301,1.0
74,307,1.0
74,310,1.0
74,314,1.0
74,315,1.0
74,316,1.0
74,321,1.0
74,327,1.0
74,342,1.0
74,343,1.0
74,351,1.0
74,367,1.0
74,369,1.0
74,374,1.0
74,387,1.0
74,394,1.0
74,397,1.0
74,400,1.0
74,414,1.0
74,427,1.0
74,440,1.0
74,442,1.0
74,448,1.0
74,459,1.0
74,461,1.0
74,466,1.0
74,470,1.0
74,474,1.0
74,483,1.0
74,486,1.0
74,489,1.0
74,494,1.0
74,497,1.0
74,502,1.0
74,506,1.0
74,518,1.0
74,519,1.0
74,527,1.0
74,537,1.0
74,544,1.0
74,546,1.0
75,13,1.0
75,30,1.0
75,35,1.0
75,44,1.0
75,49,1.0
75,61,1.0
75,71,1.0
75,75,1.0
76,0,1.0
76,4,1.0
76,6,1.0
76,13,1.0
76,16,1.0
76,25,1.0
76,30,1.0
76,35,1.0
76,36,1.0
76,44,1.0
76,45,1.0
76,49,1.0
76,58,1.0
76,59,1.0
76,61,1.0
76,64,1.0
76,71,1.0
76,74,1.0
76,76,1.0
77,77,1.0
78,78,1.0
79,79,1.0
80,80,1.0
81,0,1.0
81,36,1.0
81,45,1.0
81,59,1.0
81,64,1.0
81,74,1.0
81,81,1.0
82,31,1.0
82,36,1.0
82,45,1.0
82,64,1.0
82,74,1.0
82,82,1.0
83,83,1.0
83,95,1.0
83,96,1.0
83,109,1.0
83,111,1.0
83,167,1.0
83,175,1.0
83,177,1.0
83,193,1.0
83,195,1.0
83,211,1.0
83,214,1.0
83,218,1.0
83,219,1.0
83,220,1.0
83,222,1.0
83,229,1.0
83,231,1.0
83,235,1.0
83,245,1.0
83,254,1.0
83,259,1.0
83,263,1.0
83,274,1.0
83,280,1.0
83,296,1.0
83,297,1.0
83,302,1.0
83,321,1.0
83,322,1.0
83,330,1.0
83,337,1.0
83,349,1.0
83,358,1.0
83,361,1.0
83,363,1.0
83,369,1.0
83,371,1.0
83,372,1.0
83,387,1.0
83,389,1.0
83,405,1.0
83,407,1.0
83,410,1.0
83,415,1.0
83,420,1.0
83,425,1.0
83,448,1.0
83,457,1.0
83,470,1.0
83,471,1.0
83,476,1.0
83,478,1.0
83,483,1.0
83,502,1.0
83,510,1.0
83,513,1.0
83,526,1.0
83,534,1.0
83,541,1.0
84,36,1.0
84,64,1.0
84,71,1.0
84,74,1.0
84,84,1.0
84,89,1.0
84,98,1.0
84,109,1.0
84,117,1.0
84,147,1.0
84,163,1.0
84,167,1.0
84,169,1.0
84,170,1.0
84,188,1.0
84,193,1.0
84,195,1.0
84,196,1.0
84,235,1.0
84,250,1.0
84,263,1.0
84,277,1.0
84,283,1.0
84,310,1.0
84,315,1.0
84,342,1.0
84,343,1.0
84,374,1.0
84,387,1.0
84,397,1.0
84,400,1.0
84,414,1.0
84,448,1.0
84,459,1.0
84,461,1.0
84,466,1.0
84,474,1.0
84,483,1.0
84,489,1.0
84,494,1.0
84,502,1.0
84,506,1.0
84,537,1.0
85,85,1.0
86,86,1.0
86,109,1.0
86,112,1.0
86,163,1.0
86,310,1.0
86,342,1.0
86,369,1.0
86,387,1.0
86,459,1.0
86,474,1.0
86,483,1.0
86,502,1.0
87,87,1.0
88,88,1.0
89,0,1.0
89,4,1.0
89,16,1.0
89,30,1.0
89,36,1.0
89,44,1.0
89,45,1.0
89,49,1.0
89,58,1.0
89,59,1.0
89,61,1.0
89,63,1.0
89,64,1.0
89,71,1.0
89,74,1.0
89,84,1.0
89,89,1.0
89,374,1.0
90,90,1.0
91,91,1.0
92,92,1.0
93,93,1.0
94,94,1.0
95,0,1.0
95,13,1.0
95,34,1.0
95,49,1.0
95,59,1.0
95,61,1.0
95,71,1.0
95,83,1.0
95,95,1.0
96,31,1.0
96,83,1.0
96,96,1.0
97,49,1.0
97,61,1.0
97,71,1.0
97,97,1.0
97,343,1.0
98,30,1.0
98,36,1.0
98,44,1.0
98,45,1.0
98,49,1.0
98,61,1.0
98,63,1.0
98,64,1.0
98,71,1.0
98,74,1.0
98,84,1.0
98,98,1.0
98,117,1.0
98,167,1.0
98,283,1.0
98,315,1.0
98,374,1.0
98,448,1.0
98,459,1.0
98,494,1.0
99,99,1.0
100,100,1.0
100,151,1.0
100,197,1.0
100,252,1.0
100,296,1.0
100,320,1.0
100,530,1.0
101,36,1.0
101,64,1.0
101,74,1.0
101,101,1.0
101,519,1.0
102,102,1.0
103,103,1.0
104,104,1.0
104,113,1.0
104,268,1.0
104,536,1.0
105,105,1.0
106,106,1.0
107,107,1.0
108,108,1.0
109,0,1.0
109,6,1.0
109,13,1.0
109,16,1.0
109,25,1.0
109,27,1.0
109,34,1.0
109,35,1.0
109,36,1.0
109,45,1.0
109,49,1.0
109,58,1.0
109,59,1.0
109,61,1.0
109,64,1.0
109,71,1.0
109,74,1.0
109,83,1.0
109,84,1.0
109,86,1.0
109,109,1.0
110,110,1.0
111,0,1.0
111,30,1.0
111,44,1.0
111,49,1.0
111,59,1.0
111,61,1.0
111,63,1.0
111,71,1.0
111,83,1.0
111,111,1.0
111,407,1.0
112,0,1.0
112,30,1.0
112,44,1.0
112,49,1.0
112,59,1.0
112,61,1.0
112,63,1.0
112,71,1.0
112,86,1.0
112,112,1.0
113,104,1.0
113,113,1.0
113,268,1.0
113,536,1.0
114,114,1.0
115,0,1.0
115,30,1.0
115,44,1.0
115,49,1.0
115,59,1.0
115,61,1.0
115,115,1.0
115,124,1.0
115,143,1.0
115,169,1.0
115,211,1.0
115,255,1.0
115,343,1.0
115,374,1.0
115,389,1.0
115,407,1.0
115,415,1.0
115,439,1.0
115,468,1.0
116,30,1.0
116,44,1.0
116,63,1.0
116,116,1.0
116,117,1.0
116,124,1.0
116,135,1.0
116,140,1.0
116,143,1.0
116,163,1.0
116,167,1.0
116,169,1.0
116,172,1.0
116,173,1.0
116,184,1.0
116,195,1.0
116,197,1.0
116,204,1.0
116,207,1.0
116,211,1.0
116,228,1.0
116,237,1.0
116,250,1.0
116,255,1.0
116,280,1.0
116,283,1.0
116,302,1.0
116,307,1.0
116,308,1.0
116,310,1.0
116,315,1.0
116,316,1.0
116,333,1.0
116,344,1.0
116,362,1.0
116,372,1.0
116,374,1.0
116,388,1.0
116,389,1.0
116,407,1.0
116,411,1.0
116,413,1.0
116,443,1.0
116,448,1.0
116,453,1.0
116,459,1.0
116,461,1.0
116,462,1.0
116,466,1.0
116,468,1.0
116,478,1.0
116,479,1.0
116,494,1.0
116,504,1.0
116,510,1.0
116,520,1.0
116,526,1.0
116,541,1.0
117,0,1.0
117,16,1.0
117,30,1.0
117,36,1.0
117,44,1.0
117,45,1.0
117,49,1.0
117,58,1.0
117,59,1.0
117,61,1.0
117,63,1.0
117,64,1.0
117,71,1.0
117,74,1.0
117,84,1.0
117,98,1.0
117,116,1.0
117,117,1.0
117,374,1.0
117,459,1.0
117,494,1.0
118,118,1.0
119,119,1.0
119,247,1.0
119,251,1.0
120,120,1.0
121,36,1.0
121,64,1.0
121,74,1.0
121,121,1.0
121,132,1.0
121,145,1.0
121,147,1.0
121,161,1.0
121,163,1.0
121,167,1.0
121,169,1.0
121,170,1.0
121,180,1.0
121,185,1.0
121,188,1.0
121,193,1.0
121,195,1.0
121,196,1.0
121,216,1.0
121,235,1.0
121,250,1.0
121,263,1.0
121,277,1.0
121,282,1.0
121,283,1.0
121,288,1.0
121,299,1.0
121,301,1.0
121,307,1.0
121,310,1.0
121,314,1.0
121,315,1.0
121,316,1.0
121,321,1.0
121,327,1.0
121,342,1.0
121,343,1.0
121,351,1.0
121,367,1.0
121,369,1.0
121,374,1.0
121,387,1.0
121,394,1.0
121,397,1.0
121,400,1.0
121,414,1.0
121,427,1.0
121,440,1.0
121,442,1.0
121,448,1.0
121,459,1.0
121,461,1.0
121,466,1.0
121,470,1.0
121,474,1.0
121,483,1.0
121,486,1.0
121,489,1.0
121,494,1.0
121,497,1.0
121,502,1.0
121,506,1.0
121,518,1.0
121,519,1.0
121,527,1.0
121,537,1.0
121,544,1.0
121,546,1.0
122,122,1.0
123,123,1.0
124,0,1.0
124,13,1.0
124,30,1.0
124,44,1.0
124,49,1.0
124,59,1.0
124,61,1.0
124,63,1.0
124,71,1.0
124,115,1.0
124,116,1.0
124,124,1.0
124,374,1.0
125,125,1.0
126,126,1.0
126,169,1.0
126,170,1.0
126,172,1.0
126,175,1.0
126,200,1.0
126,211,1.0
126,219,1.0
126,295,1.0
126,310,1.0
126,343,1.0
126,374,1.0
126,414,1.0
127,127,1.0
128,128,1.0
129,129,1.0
130,130,1.0
131,131,1.0
132,36,1.0
132,64,1.0
132,74,1.0
132,121,1.0
132,132,1.0
132,145,1.0
132,147,1.0
132,161,1.0
132,163,1.0
132,167,1.0
132,169,1.0
132,170,1.0
132,180,1.0
132,185,1.0
132,188,1.0
132,193,1.0
132,195,1.0
132,196,1.0
132,216,1.0
132,235,1.0
132,250,1.0
132,263,1.0
132,277,1.0
132,282,1.0
132,283,1.0
132,288,1.0
132,299,1.0
132,301,1.0
132,307,1.0
132,310,1.0
132,314,1.0
132,315,1.0
132,316,1.0
132,321,1.0
132,327,1.0
132,342,1.0
132,343,1.0
132,351,1.0
132,367,1.0
132,369,1.0
132,374,1.0
132,387,1.0
132,394,1.0
132,397,1.0
132,400,1.0
132,414,1.0
132,427,1.0
132,440,1.0
132,442,1.0
132,448,1.0
132,459,1.0
132,461,1.0
132,466,1.0
132,470,1.0
132,474,1.0
132,483,1.0
132,486,1.0
132,489,1.0
132,494,1.0
132,497,1.0
132,502,1.0
132,506,1.0
132,518,1.0
132,519,1.0
132,527,1.0
132,537,1.0
132,544,1.0
132,546,1.0
133,133,1.0
134,134,1.0
134,138,1.0
134,148,1.0
134,157,1.0
134,161,1.0
134,163,1.0
134,165,1.0
134,167,1.0
134,170,1.0
134,188,1.0
134,195,1.0
134,196,1.0
134,216,1.0
134,217,1.0
134,231,1.0
134,235,1.0
134,237,1.0
134,260,1.0
134,263,1.0
134,283,1.0
134,296,1.0
134,299,1.0
134,301,1.0
134,308,1.0
134,310,1.0
134,315,1.0
134,318,1.0
134,321,1.0
134,329,1.0
134,342,1.0
134,345,1.0
134,363,1.0
134,366,1.0
134,368,1.0
134,369,1.0
134,373,1.0
134,374,1.0
134,387,1.0
134,388,1.0
134,394,1.0
134,397,1.0
134,400,1.0
134,407,1.0
134,408,1.0
134,411,1.0
134,414,1.0
134,415,1.0
134,417,1.0
134,437,1.0
134,448,1.0
134,455,1.0
134,459,1.0
134,470,1.0
134,474,1.0
134,478,1.0
134,483,1.0
134,486,1.0
134,489,1.0
134,494,1.0
134,498,1.0
134,502,1.0
134,506,1.0
134,537,1.0
134,541,1.0
134,544,1.0
135,13,1.0
135,30,1.0
135,44,1.0
135,49,1.0
135,61,1.0
135,63,1.0
135,71,1.0
135,116,1.0
135,135,1.0
135,255,1.0
135,283,1.0
135,308,1.0
135,315,1.0
135,374,1.0
135,389,1.0
135,407,1.0
135,411,1.0
135,448,1.0
135,459,1.0
135,478,1.0
135,541,1.0
136,71,1.0
136,136,1.0
136,143,1.0
136,147,1.0
136,163,1.0
136,167,1.0
136,169,1.0
136,170,1.0
136,188,1.0
136,193,1.0
136,195,1.0
136,196,1.0
136,212,1.0
136,217,1.0
136,235,1.0
136,250,1.0
136,255,1.0
136,263,1.0
136,266,1.0
136,277,1.0
136,283,1.0
136,308,1.0
136,310,1.0
136,315,1.0
136,319,1.0
136,324,1.0
136,334,1.0
136,338,1.0
136,342,1.0
136,343,1.0
136,363,1.0
136,368,1.0
136,374,1.0
136,387,1.0
136,389,1.0
136,392,1.0
136,397,1.0
136,400,1.0
136,402,1.0
136,407,1.0
136,411,1.0
136,414,1.0
136,415,1.0
136,424,1.0
136,437,1.0
136,441,1.0
136,448,1.0
136,450,1.0
136,454,1.0
136,459,1.0
136,461,1.0
136,466,1.0
136,468,1.0
136,474,1.0
136,478,1.0
136,483,1.0
136,489,1.0
136,494,1.0
136,502,1.0
136,506,1.0
136,509,1.0
136,529,1.0
136,537,1.0
136,541,1.0
137,137,1.0
138,134,1.0
138,138,1.0
138,148,1.0
138,157,1.0
138,161,1.0
138,163,1.0
138,165,1.0
138,167,1.0
138,170,1.0
138,188,1.0
138,195,1.0
138,196,1.0
138,216,1.0
138,217,1.0
138,231,1.0
138,235,1.0
138,237,1.0
138,260,1.0
138,263,1.0
138,283,1.0
138,296,1.0
138,299,1.0
138,301,1.0
138,308,1.0
138,310,1.0
138,315,1.0
138,318,1.0
138,321,1.0
138,329,1.0
138,342,1.0
138,345,1.0
138,363,1.0
138,366,1.0
138,368,1.0
138,369,1.0
138,373,1.0
138,374,1.0
138,387,1.0
138,388,1.0
138,394,1.0
138,397,1.0
138,400,1.0
138,407,1.0
138,408,1.0
138,411,1.0
138,414,1.0
138,415,1.0
138,417,1.0
138,437,1.0
138,448,1.0
138,455,1.0
138,459,1.0
138,470,1.0
138,474,1.0
138,478,1.0
138,483,1.0
138,486,1.0
138,489,1.0
138,494,1.0
138,498,1.0
138,502,1.0
138,506,1.0
138,537,1.0
138,541,1.0
138,544,1.0
139,139,1.0
140,30,1.0
140,44,1.0
140,63,1.0
140,116,1.0
140,140,1.0
140,207,1.0
141,141,1.0
142,0,1.0
142,59,1.0
142,142,1.0
142,143,1.0
142,147,1.0
142,163,1.0
142,169,1.0
142,200,1.0
142,211,1.0
142,219,1.0
142,235,1.0
142,255,1.0
142,310,1.0
142,343,1.0
142,370,1.0
142,374,1.0
142,387,1.0
142,389,1.0
142,407,1.0
142,415,1.0
142,439,1.0
142,468,1.0
142,476,1.0
142,481,1.0
142,500,1.0
142,502,1.0
143,0,1.0
143,5,1.0
143,28,1.0
143,30,1.0
143,31,1.0
143,39,1.0
143,44,1.0
143,49,1.0
143,59,1.0
143,61,1.0
143,63,1.0
143,71,1.0
143,115,1.0
143,116,1.0
143,136,1.0
143,142,1.0
143,143,1.0
144,144,1.0
145,36,1.0
145,64,1.0
145,74,1.0
145,121,1.0
145,132,1.0
145,145,1.0
146,146,1.0
147,0,1.0
147,16,1.0
147,36,1.0
147,49,1.0
147,59,1.0
147,61,1.0
147,64,1.0
147,71,1.0
147,74,1.0
147,84,1.0
147,121,1.0
147,132,1.0
147,136,1.0
147,142,1.0
147,147,1.0
147,169,1.0
147,235,1.0
147,343,1.0
147,374,1.0
147,387,1.0
147,502,1.0
148,49,1.0
148,61,1.0
148,134,1.0
148,138,1.0
148,148,1.0
148,165,1.0
148,167,1.0
148,170,1.0
148,196,1.0
148,235,1.0
148,283,1.0
148,301,1.0
148,308,1.0
148,315,1.0
148,363,1.0
148,374,1.0
148,387,1.0
148,397,1.0
148,407,1.0
148,411,1.0
148,414,1.0
148,415,1.0
148,448,1.0
148,455,1.0
148,459,1.0
148,470,1.0
148,474,1.0
148,478,1.0
148,494,1.0
148,502,1.0
148,506,1.0
148,537,1.0
148,541,1.0
149,149,1.0
149,163,1.0
149,172,1.0
149,175,1.0
149,183,1.0
149,218,1.0
149,219,1.0
149,245,1.0
149,259,1.0
149,278,1.0
149,295,1.0
149,297,1.0
149,302,1.0
149,310,1.0
149,322,1.0
149,327,1.0
149,338,1.0
149,342,1.0
149,343,1.0
149,359,1.0
149,369,1.0
149,387,1.0
149,389,1.0
149,405,1.0
149,423,1.0
149,424,1.0
149,425,1.0
149,459,1.0
149,471,1.0
149,474,1.0
149,476,1.0
149,483,1.0
149,485,1.0
149,502,1.0
149,529,1.0
150,150,1.0
150,154,1.0
150,160,1.0
150,197,1.0
150,219,1.0
150,262,1.0
150,271,1.0
150,302,1.0
150,330,1.0
150,347,1.0
150,403,1.0
150,450,1.0
150,468,1.0
150,479,1.0
150,483,1.0
150,494,1.0
150,509,1.0
151,100,1.0
151,151,1.0
151,197,1.0
151,252,1.0
151,296,1.0
151,320,1.0
151,530,1.0
152,37,1.0
152,152,1.0
153,153,1.0
154,150,1.0
154,154,1.0
155,155,1.0
156,156,1.0
157,134,1.0
157,138,1.0
157,157,1.0
157,161,1.0
157,163,1.0
157,165,1.0
157,167,1.0
157,170,1.0
157,188,1.0
157,195,1.0
157,196,1.0
157,216,1.0
157,217,1.0
157,231,1.0
157,235,1.0
157,237,1.0
157,260,1.0
157,263,1.0
157,283,1.0
157,296,1.0
157,299,1.0
157,301,1.0
157,308,1.0
157,310,1.0
157,315,1.0
157,318,1.0
157,321,1.0
157,329,1.0
157,342,1.0
157,345,1.0
157,363,1.0
157,366,1.0
157,368,1.0
157,369,1.0
157,373,1.0
157,374,1.0
157,387,1.0
157,388,1.0
157,394,1.0
157,397,1.0
157,400,1.0
157,407,1.0
157,408,1.0
157,411,1.0
157,414,1.0
157,415,1.0
157,417,1.0
157,437,1.0
157,448,1.0
157,455,1.0
157,459,1.0
157,470,1.0
157,474,1.0
157,478,1.0
157,483,1.0
157,486,1.0
157,489,1.0
157,494,1.0
157,498,1.0
157,502,1.0
157,506,1.0
157,537,1.0
157,541,1.0
157,544,1.0
158,158,1.0
159,159,1.0
159,309,1.0
160,63,1.0
160,150,1.0
160,160,1.0
160,468,1.0
161,36,1.0
161,45,1.0
161,64,1.0
161,74,1.0
161,121,1.0
161,132,1.0
161,134,1.0
161,138,1.0
161,157,1.0
161,161,1.0
161,163,1.0
161,167,1.0
161,170,1.0
161,188,1.0
161,195,1.0
161,196,1.0
161,216,1.0
161,235,1.0
161,263,1.0
161,283,1.0
161,299,1.0
161,301,1.0
161,310,1.0
161,315,1.0
161,321,1.0
161,342,1.0
161,369,1.0
161,374,1.0
161,387,1.0
161,394,1.0
161,397,1.0
161,400,1.0
161,414,1.0
161,448,1.0
161,459,1.0
161,470,1.0
161,474,1.0
161,483,1.0
161,486,1.0
161,489,1.0
161,494,1.0
161,502,1.0
161,506,1.0
161,537,1.0
161,544,1.0
162,162,1.0
162,263,1.0
163,0,1.0
163,13,1.0
163,16,1.0
163,25,1.0
163,30,1.0
163,35,1.0
163,36,1.0
163,44,1.0
163,45,1.0
163,59,1.0
163,63,1.0
163,64,1.0
163,71,1.0
163,74,1.0
163,84,1.0
163,86,1.0
163,116,1.0
163,121,1.0
163,132,1.0
163,134,1.0
163,136,1.0
163,138,1.0
163,142,1.0
163,149,1.0
163,157,1.0
163,161,1.0
163,163,1.0
164,164,1.0
165,49,1.0
165,61,1.0
165,134,1.0
165,138,1.0
165,148,1.0
165,157,1.0
165,165,1.0
165,167,1.0
165,170,1.0
165,196,1.0
165,235,1.0
165,283,1.0
165,301,1.0
165,308,1.0
165,315,1.0
165,363,1.0
165,374,1.0
165,387,1.0
165,397,1.0
165,407,1.0
165,411,1.0
165,414,1.0
165,415,1.0
165,448,1.0
165,455,1.0
165,459,1.0
165,470,1.0
165,474,1.0
165,478,1.0
165,494,1.0
165,502,1.0
165,506,1.0
165,537,1.0
165,541,1.0
166,166,1.0
167,30,1.0
167,36,1.0
167,44,1.0
167,45,1.0
167,49,1.0
167,61,1.0
167,63,1.0
167,64,1.0
167,71,1.0
167,74,1.0
167,83,1.0
167,84,1.0
167,98,1.0
167,116,1.0
167,121,1.0
167,132,1.0
167,134,1.0
167,136,1.0
167,138,1.0
167,148,1.0
167,157,1.0
167,161,1.0
167,165,1.0
167,167,1.0
167,448,1.0
168,13,1.0
168,168,1.0
168,170,1.0
168,189,1.0
168,195,1.0
168,204,1.0
168,212,1.0
168,231,1.0
168,235,1.0
168,255,1.0
168,263,1.0
168,266,1.0
168,283,1.0
168,296,1.0
168,299,1.0
168,301,1.0
168,307,1.0
168,308,1.0
168,310,1.0
168,313,1.0
168,315,1.0
168,316,1.0
168,321,1.0
168,327,1.0
168,338,1.0
168,339,1.0
168,342,1.0
168,343,1.0
168,363,1.0
168,367,1.0
168,369,1.0
168,374,1.0
168,387,1.0
168,389,1.0
168,397,1.0
168,407,1.0
168,411,1.0
168,414,1.0
168,418,1.0
168,419,1.0
168,436,1.0
168,437,1.0
168,448,1.0
168,454,1.0
168,459,1.0
168,470,1.0
168,478,1.0
168,483,1.0
168,486,1.0
168,489,1.0
168,498,1.0
168,502,1.0
168,509,1.0
168,519,1.0
168,537,1.0
168,538,1.0
168,541,1.0
169,0,1.0
169,16,1.0
169,30,1.0
169,36,1.0
169,44,1.0
169,49,1.0
169,59,1.0
169,61,1.0
169,63,1.0
169,64,1.0
169,71,1.0
169,74,1.0
169,84,1.0
169,115,1.0
169,116,1.0
169,121,1.0
169,126,1.0
169,132,1.0
169,136,1.0
169,142,1.0
169,147,1.0
169,169,1.0
170,0,1.0
170,6,1.0
170,13,1.0
170,16,1.0
170,25,1.0
170,35,1.0
170,36,1.0
170,45,1.0
170,49,1.0
170,58,1.0
170,59,1.0
170,61,1.0
170,64,1.0
170,71,1.0
170,74,1.0
170,84,1.0
170,121,1.0
170,126,1.0
170,132,1.0
170,134,1.0
170,136,1.0
170,138,1.0
170,148,1.0
170,157,1.0
170,161,1.0
170,165,1.0
170,168,1.0
170,170,1.0
171,171,1.0
171,219,1.0
171,343,1.0
172,0,1.0
172,30,1.0
172,44,1.0
172,59,1.0
172,63,1.0
172,116,1.0
172,126,1.0
172,149,1.0
172,172,1.0
173,30,1.0
173,44,1.0
173,63,1.0
173,116,1.0
173,173,1.0
173,184,1.0
173,195,1.0
173,197,1.0
173,204,1.0
173,207,1.0
173,211,1.0
173,228,1.0
173,237,1.0
173,250,1.0
173,255,1.0
173,280,1.0
173,283,1.0
173,302,1.0
173,307,1.0
173,308,1.0
173,310,1.0
173,315,1.0
173,316,1.0
173,333,1.0
173,344,1.0
173,362,1.0
173,372,1.0
173,374,1.0
173,388,1.0
173,389,1.0
173,407,1.0
173,411,1.0
173,413,1.0
173,443,1.0
173,448,1.0
173,453,1.0
173,459,1.0
173,461,1.0
173,462,1.0
173,466,1.0
173,468,1.0
173,478,1.0
173,479,1.0
173,494,1.0
173,504,1.0
173,510,1.0
173,520,1.0
173,526,1.0
173,541,1.0
174,174,1.0
175,32,1.0
175,83,1.0
175,126,1.0
175,149,1.0
175,175,1.0
175,219,1.0
176,176,1.0
177,83,1.0
177,177,1.0
177,193,1.0
177,195,1.0
177,211,1.0
177,214,1.0
177,218,1.0
177,219,1.0
177,220,1.0
177,222,1.0
177,229,1.0
177,231,1.0
177,235,1.0
177,245,1.0
177,254,1.0
177,259,1.0
177,263,1.0
177,274,1.0
177,280,1.0
177,296,1.0
177,297,1.0
177,302,1.0
177,321,1.0
177,322,1.0
177,330,1.0
177,337,1.0
177,349,1.0
177,358,1.0
177,361,1.0
177,363,1.0
177,369,1.0
177,371,1.0
177,372,1.0
177,387,1.0
177,389,1.0
177,405,1.0
177,407,1.0
177,410,1.0
177,415,1.0
177,420,1.0
177,425,1.0
177,448,1.0
177,457,1.0
177,470,1.0
177,471,1.0
177,476,1.0
177,478,1.0
177,483,1.0
177,502,1.0
177,510,1.0
177,513,1.0
177,526,1.0
177,534,1.0
177,541,1.0
178,178,1.0
179,179,1.0
180,36,1.0
180,64,1.0
180,74,1.0
180,121,1.0
180,132,1.0
180,180,1.0
180,185,1.0
180,188,1.0
180,193,1.0
180,195,1.0
180,196,1.0
180,216,1.0
180,235,1.0
180,250,1.0
180,263,1.0
180,277,1.0
180,282,1.0
180,283,1.0
180,288,1.0
180,299,1.0
180,301,1.0
180,307,1.0
180,310,1.0
180,314,1.0
180,315,1.0
180,316,1.0
180,321,1.0
180,327,1.0
180,342,1.0
180,343,1.0
180,351,1.0
180,367,1.0
180,369,1.0
180,374,1.0
180,387,1.0
180,394,1.0
180,397,1.0
180,400,1.0
180,414,1.0
180,427,1.0
180,440,1.0
180,442,1.0
180,448,1.0
180,459,1.0
180,461,1.0
180,466,1.0
180,470,1.0
180,474,1.0
180,483,1.0
180,486,1.0
180,489,1.0
180,494,1.0
180,497,1.0
180,502,1.0
180,506,1.0
180,518,1.0
180,519,1.0
180,527,1.0
180,537,1.0
180,544,1.0
180,546,1.0
181,181,1.0
182,182,1.0
183,63,1.0
183,149,1.0
183,183,1.0
183,278,1.0
183,389,1.0
183,459,1.0
184,30,1.0
184,44,1.0
184,63,1.0
184,116,1.0
184,173,1.0
184,184,1.0
185,36,1.0
185,64,1.0
185,74,1.0
185,121,1.0
185,132,1.0
185,180,1.0
185,185,1.0
185,188,1.0
185,193,1.0
185,195,1.0
185,196,1.0
185,216,1.0
185,235,1.0
185,250,1.0
185,263,1.0
185,277,1.0
185,282,1.0
185,283,1.0
185,288,1.0
185,299,1.0
185,301,1.0
185,307,1.0
185,310,1.0
185,314,1.0
185,315,1.0
185,316,1.0
185,321,1.0
185,327,1.0
185,342,1.0
185,343,1.0
185,351,1.0
185,367,1.0
185,369,1.0
185,374,1.0
185,387,1.0
185,394,1.0
185,397,1.0
185,400,1.0
185,414,1.0
185,427,1.0
185,440,1.0
185,442,1.0
185,448,1.0
185,459,1.0
185,461,1.0
185,466,1.0
185,470,1.0
185,474,1.0
185,483,1.0
185,486,1.0
185,489,1.0
185,494,1.0
185,497,1.0
185,502,1.0
185,506,1.0
185,518,1.0
185,519,1.0
185,527,1.0
185,537,1.0
185,544,1.0
185,546,1.0
186,186,1.0
186,393,1.0
187,187,1.0
187,195,1.0
187,219,1.0
187,226,1.0
187,229,1.0
187,235,1.0
187,253,1.0
187,263,1.0
187,274,1.0
187,278,1.0
187,309,1.0
187,345,1.0
187,347,1.0
187,349,1.0
187,369,1.0
187,376,1.0
187,387,1.0
187,389,1.0
187,411,1.0
187,414,1.0
187,418,1.0
187,436,1.0
187,448,1.0
187,459,1.0
187,472,1.0
187,476,1.0
187,478,1.0
187,479,1.0
187,483,1.0
187,498,1.0
187,506,1.0
187,513,1.0
187,529,1.0
187,532,1.0
187,537,1.0
188,36,1.0
188,45,1.0
188,64,1.0
188,71,1.0
188,74,1.0
188,84,1.0
188,121,1.0
188,132,1.0
188,134,1.0
188,136,1.0
188,138,1.0
188,157,1.0
188,161,1.0
188,180,1.0
188,185,1.0
188,188,1.0
189,13,1.0
189,168,1.0
189,189,1.0
189,195,1.0
189,204,1.0
189,212,1.0
189,231,1.0
189,235,1.0
189,255,1.0
189,263,1.0
189,266,1.0
189,283,1.0
189,296,1.0
189,299,1.0
189,301,1.0
189,307,1.0
189,308,1.0
189,310,1.0
189,313,1.0
189,315,1.0
189,316,1.0
189,321,1.0
189,327,1.0
189,338,1.0
189,339,1.0
189,342,1.0
189,343,1.0
189,363,1.0
189,367,1.0
189,369,1.0
189,374,1.0
189,387,1.0
189,389,1.0
189,397,1.0
189,407,1.0
189,411,1.0
189,414,1.0
189,418,1.0
189,419,1.0
189,436,1.0
189,437,1.0
189,448,1.0
189,454,1.0
189,459,1.0
189,470,1.0
189,478,1.0
189,483,1.0
189,486,1.0
189,489,1.0
189,498,1.0
189,502,1.0
189,509,1.0
189,519,1.0
189,537,1.0
189,538,1.0
189,541,1.0
190,190,1.0
191,191,1.0
192,63,1.0
192,192,1.0
192,195,1.0
192,197,1.0
192,204,1.0
192,206,1.0
192,207,1.0
192,211,1.0
192,228,1.0
192,237,1.0
192,250,1.0
192,255,1.0
192,274,1.0
192,278,1.0
192,280,1.0
192,283,1.0
192,295,1.0
192,300,1.0
192,302,1.0
192,307,1.0
192,308,1.0
192,310,1.0
192,312,1.0
192,315,1.0
192,316,1.0
192,333,1.0
192,344,1.0
192,362,1.0
192,372,1.0
192,374,1.0
192,388,1.0
192,389,1.0
192,407,1.0
192,409,1.0
192,411,1.0
192,413,1.0
192,443,1.0
192,448,1.0
192,453,1.0
192,459,1.0
192,461,1.0
192,462,1.0
192,466,1.0
192,468,1.0
192,478,1.0
192,479,1.0
192,494,1.0
192,502,1.0
192,504,1.0
192,510,1.0
192,516,1.0
192,520,1.0
192,526,1.0
192,540,1.0
192,541,1.0
193,0,1.0
193,16,1.0
193,36,1.0
193,59,1.0
193,64,1.0
193,71,1.0
193,74,1.0
193,83,1.0
193,84,1.0
193,121,1.0
193,132,1.0
193,136,1.0
193,177,1.0
193,180,1.0
193,185,1.0
193,193,1.0
193,195,1.0
193,235,1.0
193,263,1.0
193,387,1.0
193,483,1.0
193,502,1.0
194,194,1.0
195,0,1.0
195,13,1.0
195,16,1.0
195,25,1.0
195,27,1.0
195,28,1.0
195,30,1.0
195,34,1.0
195,35,1.0
195,36,1.0
195,44,1.0
195,45,1.0
195,59,1.0
195,63,1.0
195,64,1.0
195,71,1.0
195,74,1.0
195,83,1.0
195,84,1.0
195,116,1.0
195,121,1.0
195,132,1.0
195,134,1.0
195,136,1.0
195,138,1.0
195,157,1.0
195,161,1.0
195,168,1.0
195,173,1.0
195,177,1.0
195,180,1.0
195,185,1.0
195,187,1.0
195,189,1.0
195,192,1.0
195,193,1.0
195,195,1.0
196,4,1.0
196,36,1.0
196,45,1.0
196,49,1.0
196,61,1.0
196,64,1.0
196,71,1.0
196,74,1.0
196,84,1.0
196,121,1.0
196,132,1.0
196,134,1.0
196,136,1.0
196,138,1.0
196,148,1.0
196,157,1.0
196,161,1.0
196,165,1.0
196,180,1.0
196,185,1.0
196,196,1.0
196,235,1.0
196,315,1.0
196,374,1.0
196,387,1.0
196,448,1.0
196,502,1.0
197,18,1.0
197,30,1.0
197,44,1.0
197,63,1.0
197,100,1.0
197,116,1.0
197,150,1.0
197,151,1.0
197,173,1.0
197,192,1.0
197,197,1.0
198,198,1.0
199,199,1.0
200,0,1.0
200,59,1.0
200,126,1.0
200,142,1.0
200,200,1.0
200,211,1.0
200,219,1.0
200,310,1.0
200,343,1.0
200,374,1.0
201,201,1.0
202,0,1.0
202,59,1.0
202,202,1.0
202,207,1.0
202,211,1.0
202,212,1.0
202,217,1.0
202,219,1.0
202,235,1.0
202,255,1.0
202,263,1.0
202,277,1.0
202,279,1.0
202,297,1.0
202,303,1.0
202,310,1.0
202,319,1.0
202,324,1.0
202,330,1.0
202,338,1.0
202,343,1.0
202,345,1.0
202,363,1.0
202,370,1.0
202,372,1.0
202,374,1.0
202,387,1.0
202,389,1.0
202,398,1.0
202,400,1.0
202,407,1.0
202,413,1.0
202,414,1.0
202,415,1.0
202,421,1.0
202,424,1.0
202,439,1.0
202,453,1.0
202,459,1.0
202,466,1.0
202,468,1.0
202,476,1.0
202,478,1.0
202,479,1.0
202,481,1.0
202,483,1.0
202,489,1.0
202,494,1.0
202,500,1.0
202,502,1.0
202,509,1.0
202,523,1.0
202,527,1.0
202,531,1.0
202,534,1.0
202,537,1.0
202,541,1.0
203,203,1.0
204,13,1.0
204,30,1.0
204,44,1.0
204,63,1.0
204,116,1.0
204,168,1.0
204,173,1.0
204,189,1.0
204,192,1.0
204,204,1.0
204,255,1.0
204,283,1.0
204,307,1.0
204,308,1.0
204,310,1.0
204,315,1.0
204,316,1.0
204,374,1.0
204,389,1.0
204,407,1.0
204,411,1.0
204,448,1.0
204,459,1.0
204,478,1.0
204,541,1.0
205,205,1.0
205,235,1.0
205,339,1.0
205,354,1.0
205,446,1.0
206,63,1.0
206,192,1.0
206,206,1.0
207,0,1.0
207,30,1.0
207,44,1.0
207,59,1.0
207,63,1.0
207,116,1.0
207,140,1.0
207,173,1.0
207,192,1.0
207,202,1.0
207,207,1.0
208,208,1.0
209,209,1.0
210,210,1.0
211,0,1.0
211,30,1.0
211,44,1.0
211,49,1.0
211,59,1.0
211,61,1.0
211,63,1.0
211,83,1.0
211,115,1.0
211,116,1.0
211,126,1.0
211,142,1.0
211,173,1.0
211,177,1.0
211,192,1.0
211,200,1.0
211,202,1.0
211,211,1.0
212,0,1.0
212,13,1.0
212,59,1.0
212,71,1.0
212,136,1.0
212,168,1.0
212,189,1.0
212,202,1.0
212,212,1.0
212,343,1.0
212,363,1.0
212,537,1.0
213,213,1.0
214,83,1.0
214,177,1.0
214,214,1.0
214,218,1.0
214,219,1.0
214,220,1.0
214,222,1.0
214,229,1.0
214,231,1.0
214,235,1.0
214,245,1.0
214,254,1.0
214,259,1.0
214,263,1.0
214,274,1.0
214,280,1.0
214,296,1.0
214,297,1.0
214,302,1.0
214,321,1.0
214,322,1.0
214,330,1.0
214,337,1.0
214,349,1.0
214,358,1.0
214,361,1.0
214,363,1.0
214,369,1.0
214,371,1.0
214,372,1.0
214,387,1.0
214,389,1.0
214,405,1.0
214,407,1.0
214,410,1.0
214,415,1.0
214,420,1.0
214,425,1.0
214,448,1.0
214,457,1.0
214,470,1.0
214,471,1.0
214,476,1.0
214,478,1.0
214,483,1.0
214,502,1.0
214,510,1.0
214,513,1.0
214,526,1.0
214,534,1.0
214,541,1.0
215,215,1.0
216,36,1.0
216,45,1.0
216,64,1.0
216,74,1.0
216,121,1.0
216,132,1.0
216,134,1.0
216,138,1.0
216,157,1.0
216,161,1.0
216,180,1.0
216,185,1.0
216,216,1.0
216,235,1.0
216,310,1.0
216,315,1.0
216,321,1.0
216,342,1.0
216,374,1.0
216,387,1.0
216,448,1.0
216,470,1.0
216,486,1.0
216,502,1.0
217,0,1.0
217,59,1.0
217,71,1.0
217,134,1.0
217,136,1.0
217,138,1.0
217,157,1.0
217,202,1.0
217,217,1.0
217,235,1.0
217,263,1.0
217,310,1.0
217,363,1.0
217,374,1.0
217,387,1.0
217,400,1.0
217,407,1.0
217,414,1.0
217,415,1.0
217,459,1.0
217,478,1.0
217,483,1.0
217,489,1.0
217,494,1.0
217,502,1.0
217,537,1.0
217,541,1.0
218,32,1.0
218,83,1.0
218,149,1.0
218,177,1.0
218,214,1.0
218,218,1.0
218,219,1.0
218,259,1.0
218,302,1.0
218,387,1.0
218,389,1.0
218,405,1.0
218,425,1.0
218,476,1.0
218,502,1.0
219,0,1.0
219,27,1.0
219,32,1.0
219,49,1.0
219,59,1.0
219,61,1.0
219,83,1.0
219,126,1.0
219,142,1.0
219,149,1.0
219,150,1.0
219,171,1.0
219,175,1.0
219,177,1.0
219,187,1.0
219,200,1.0
219,202,1.0
219,214,1.0
219,218,1.0
219,219,1.0
220,31,1.0
220,83,1.0
220,177,1.0
220,214,1.0
220,220,1.0
220,389,1.0
220,405,1.0
220,502,1.0
221,221,1.0
222,83,1.0
222,177,1.0
222,214,1.0
222,222,1.0
222,229,1.0
222,231,1.0
222,235,1.0
222,245,1.0
222,254,1.0
222,259,1.0
222,263,1.0
222,274,1.0
222,280,1.0
222,296,1.0
222,297,1.0
222,302,1.0
222,321,1.0
222,322,1.0
222,330,1.0
222,337,1.0
222,349,1.0
222,358,1.0
222,361,1.0
222,363,1.0
222,369,1.0
222,371,1.0
222,372,1.0
222,387,1.0
222,389,1.0
222,405,1.0
222,407,1.0
222,410,1.0
222,415,1.0
222,420,1.0
222,425,1.0
222,448,1.0
222,457,1.0
222,470,1.0
222,471,1.0
222,476,1.0
222,478,1.0
222,483,1.0
222,502,1.0
222,510,1.0
222,513,1.0
222,526,1.0
222,534,1.0
222,541,1.0
223,223,1.0
223,252,1.0
223,262,1.0
223,330,1.0
223,346,1.0
223,513,1.0
224,56,1.0
224,224,1.0
224,406,1.0
225,225,1.0
226,30,1.0
226,44,1.0
226,187,1.0
226,226,1.0
226,345,1.0
226,389,1.0
226,411,1.0
226,418,1.0
226,448,1.0
226,459,1.0
226,476,1.0
226,478,1.0
226,479,1.0
226,498,1.0
226,506,1.0
226,513,1.0
227,227,1.0
228,30,1.0
228,44,1.0
228,63,1.0
228,116,1.0
228,173,1.0
228,192,1.0
228,228,1.0
229,83,1.0
229,177,1.0
229,187,1.0
229,214,1.0
229,222,1.0
229,229,1.0
229,235,1.0
229,263,1.0
229,274,1.0
229,349,1.0
229,369,1.0
229,387,1.0
229,389,1.0
229,448,1.0
229,476,1.0
229,478,1.0
229,483,1.0
229,513,1.0
230,230,1.0
231,13,1.0
231,35,1.0
231,83,1.0
231,134,1.0
231,138,1.0
231,157,1.0
231,168,1.0
231,177,1.0
231,189,1.0
231,214,1.0
231,222,1.0
231,231,1.0
231,235,1.0
231,263,1.0
231,296,1.0
231,321,1.0
231,363,1.0
231,369,1.0
231,387,1.0
231,407,1.0
231,448,1.0
231,470,1.0
231,478,1.0
231,483,1.0
231,502,1.0
231,541,1.0
232,232,1.0
233,233,1.0
234,234,1.0
235,0,1.0
235,4,1.0
235,6,1.0
235,13,1.0
235,16,1.0
235,25,1.0
235,34,1.0
235,35,1.0
235,36,1.0
235,45,1.0
235,49,1.0
235,58,1.0
235,59,1.0
235,61,1.0
235,64,1.0
235,71,1.0
235,74,1.0
235,83,1.0
235,84,1.0
235,121,1.0
235,132,1.0
235,134,1.0
235,136,1.0
235,138,1.0
235,142,1.0
235,147,1.0
235,148,1.0
235,157,1.0
235,161,1.0
235,165,1.0
235,168,1.0
235,177,1.0
235,180,1.0
235,185,1.0
235,187,1.0
235,189,1.0
235,193,1.0
235,196,1.0
235,202,1.0
235,205,1.0
235,214,1.0
235,216,1.0
235,217,1.0
235,222,1.0
235,229,1.0
235,231,1.0
235,235,1.0
236,18,1.0
236,236,1.0
236,389,1.0
236,439,1.0
236,450,1.0
236,484,1.0
237,30,1.0
237,44,1.0
237,63,1.0
237,116,1.0
237,134,1.0
237,138,1.0
237,157,1.0
237,173,1.0
237,192,1.0
237,237,1.0
237,283,1.0
237,308,1.0
237,310,1.0
237,315,1.0
237,374,1.0
237,388,1.0
237,407,1.0
237,411,1.0
237,448,1.0
237,459,1.0
237,478,1.0
237,494,1.0
237,541,1.0
238,238,1.0
239,239,1.0
240,240,1.0
241,241,1.0
241,349,1.0
241,446,1.0
241,519,1.0
242,242,1.0
243,243,1.0
244,244,1.0
245,83,1.0
245,149,1.0
245,177,1.0
245,214,1.0
245,222,1.0
245,245,1.0
245,259,1.0
245,297,1.0
245,302,1.0
245,322,1.0
245,369,1.0
245,387,1.0
245,389,1.0
245,405,1.0
245,425,1.0
245,471,1.0
245,476,1.0
245,483,1.0
245,502,1.0
246,246,1.0
247,119,1.0
247,247,1.0
247,251,1.0
248,248,1.0
249,249,1.0
250,30,1.0
250,36,1.0
250,44,1.0
250,49,1.0
250,61,1.0
250,63,1.0
250,64,1.0
250,71,1.0
250,74,1.0
250,84,1.0
250,116,1.0
250,121,1.0
250,132,1.0
250,136,1.0
250,173,1.0
250,180,1.0
250,185,1.0
250,192,1.0
250,250,1.0
251,119,1.0
251,247,1.0
251,251,1.0
252,100,1.0
252,151,1.0
252,223,1.0
252,252,1.0
253,187,1.0
253,253,1.0
253,263,1.0
253,274,1.0
253,278,1.0
253,309,1.0
253,345,1.0
253,347,1.0
253,349,1.0
253,369,1.0
253,376,1.0
253,387,1.0
253,389,1.0
253,411,1.0
253,414,1.0
253,418,1.0
253,436,1.0
253,448,1.0
253,459,1.0
253,472,1.0
253,476,1.0
253,478,1.0
253,479,1.0
253,483,1.0
253,498,1.0
253,506,1.0
253,513,1.0
253,529,1.0
253,532,1.0
253,537,1.0
254,49,1.0
254,61,1.0
254,83,1.0
254,177,1.0
254,214,1.0
254,222,1.0
254,254,1.0
254,259,1.0
254,363,1.0
254,372,1.0
254,387,1.0
254,389,1.0
254,407,1.0
254,415,1.0
254,448,1.0
254,470,1.0
254,471,1.0
254,478,1.0
254,502,1.0
254,541,1.0
255,0,1.0
255,13,1.0
255,30,1.0
255,44,1.0
255,49,1.0
255,59,1.0
255,61,1.0
255,63,1.0
255,71,1.0
255,115,1.0
255,116,1.0
255,135,1.0
255,136,1.0
255,142,1.0
255,168,1.0
255,173,1.0
255,189,1.0
255,192,1.0
255,202,1.0
255,204,1.0
255,255,1.0
256,31,1.0
256,256,1.0
256,300,1.0
256,323,1.0
256,351,1.0
256,370,1.0
256,374,1.0
256,389,1.0
256,405,1.0
256,475,1.0
256,485,1.0
256,502,1.0
256,518,1.0
256,531,1.0
256,539,1.0
257,257,1.0
258,258,1.0
259,32,1.0
259,49,1.0
259,61,1.0
259,83,1.0
259,149,1.0
259,177,1.0
259,214,1.0
259,218,1.0
259,222,1.0
259,245,1.0
259,254,1.0
259,259,1.0
259,387,1.0
259,389,1.0
259,502,1.0
260,134,1.0
260,138,1.0
260,157,1.0
260,260,1.0
260,263,1.0
260,283,1.0
260,296,1.0
260,299,1.0
260,301,1.0
260,308,1.0
260,310,1.0
260,315,1.0
260,318,1.0
260,321,1.0
260,329,1.0
260,342,1.0
260,345,1.0
260,363,1.0
260,366,1.0
260,368,1.0
260,369,1.0
260,373,1.0
260,374,1.0
260,387,1.0
260,388,1.0
260,394,1.0
260,397,1.0
260,400,1.0
260,407,1.0
260,408,1.0
260,411,1.0
260,414,1.0
260,415,1.0
260,417,1.0
260,437,1.0
260,448,1.0
260,455,1.0
260,459,1.0
260,470,1.0
260,474,1.0
260,478,1.0
260,483,1.0
260,486,1.0
260,489,1.0
260,494,1.0
260,498,1.0
260,502,1.0
260,506,1.0
260,537,1.0
260,541,1.0
260,544,1.0
261,261,1.0
262,150,1.0
262,223,1.0
262,262,1.0
263,0,1.0
263,13,1.0
263,16,1.0
263,25,1.0
263,27,1.0
263,34,1.0
263,35,1.0
263,36,1.0
263,45,1.0
263,59,1.0
263,64,1.0
263,71,1.0
263,74,1.0
263,83,1.0
263,84,1.0
263,121,1.0
263,132,1.0
263,134,1.0
263,136,1.0
263,138,1.0
263,157,1.0
263,161,1.0
263,162,1.0
263,168,1.0
263,177,1.0
263,180,1.0
263,185,1.0
263,187,1.0
263,189,1.0
263,193,1.0
263,202,1.0
263,214,1.0
263,217,1.0
263,222,1.0
263,229,1.0
263,231,1.0
263,253,1.0
263,260,1.0
263,263,1.0
264,264,1.0
265,265,1.0
266,13,1.0
266,49,1.0
266,61,1.0
266,71,1.0
266,136,1.0
266,168,1.0
266,189,1.0
266,266,1.0
266,315,1.0
266,343,1.0
266,374,1.0
266,387,1.0
266,389,1.0
266,407,1.0
266,448,1.0
266,502,1.0
267,267,1.0
268,104,1.0
268,113,1.0
268,268,1.0
268,536,1.0
269,269,1.0
270,270,1.0
271,150,1.0
271,271,1.0
272,272,1.0
273,273,1.0
274,63,1.0
274,83,1.0
274,177,1.0
274,187,1.0
274,192,1.0
274,214,1.0
274,222,1.0
274,229,1.0
274,253,1.0
274,274,1.0
274,389,1.0
274,448,1.0
275,275,1.0
275,367,1.0
276,276,1.0
277,0,1.0
277,16,1.0
277,36,1.0
277,59,1.0
277,64,1.0
277,71,1.0
277,74,1.0
277,84,1.0
277,121,1.0
277,132,1.0
277,136,1.0
277,180,1.0
277,185,1.0
277,202,1.0
277,277,1.0
277,343,1.0
277,537,1.0
278,63,1.0
278,149,1.0
278,183,1.0
278,187,1.0
278,192,1.0
278,253,1.0
278,278,1.0
278,389,1.0
278,459,1.0
279,0,1.0
279,59,1.0
279,202,1.0
279,279,1.0
279,297,1.0
279,303,1.0
279,310,1.0
279,319,1.0
279,324,1.0
279,330,1.0
279,338,1.0
279,343,1.0
279,345,1.0
279,363,1.0
279,370,1.0
279,372,1.0
279,374,1.0
279,387,1.0
279,389,1.0
279,398,1.0
279,400,1.0
279,407,1.0
279,413,1.0
279,414,1.0
279,415,1.0
279,421,1.0
279,424,1.0
279,439,1.0
279,453,1.0
279,459,1.0
279,466,1.0
279,468,1.0
279,476,1.0
279,478,1.0
279,479,1.0
279,481,1.0
279,483,1.0
279,489,1.0
279,494,1.0
279,500,1.0
279,502,1.0
279,509,1.0
279,523,1.0
279,527,1.0
279,531,1.0
279,534,1.0
279,537,1.0
279,541,1.0
280,30,1.0
280,44,1.0
280,63,1.0
280,83,1.0
280,116,1.0
280,173,1.0
280,177,1.0
280,192,1.0
280,214,1.0
280,222,1.0
280,280,1.0
281,281,1.0
282,30,1.0
282,36,1.0
282,44,1.0
282,64,1.0
282,74,1.0
282,121,1.0
282,132,1.0
282,180,1.0
282,185,1.0
282,282,1.0
282,283,1.0
282,288,1.0
282,307,1.0
282,310,1.0
282,315,1.0
282,316,1.0
282,342,1.0
282,343,1.0
282,374,1.0
282,400,1.0
282,448,1.0
282,459,1.0
282,461,1.0
282,466,1.0
282,494,1.0
282,506,1.0
283,6,1.0
283,13,1.0
283,25,1.0
283,30,1.0
283,35,1.0
283,36,1.0
283,44,1.0
283,45,1.0
283,49,1.0
283,61,1.0
283,63,1.0
283,64,1.0
283,71,1.0
283,74,1.0
283,84,1.0
283,98,1.0
283,116,1.0
283,121,1.0
283,132,1.0
283,134,1.0
283,135,1.0
283,136,1.0
283,138,1.0
283,148,1.0
283,157,1.0
283,161,1.0
283,165,1.0
283,168,1.0
283,173,1.0
283,180,1.0
283,185,1.0
283,189,1.0
283,192,1.0
283,204,1.0
283,237,1.0
283,260,1.0
283,282,1.0
283,283,1.0
284,284,1.0
285,285,1.0
286,286,1.0
287,287,1.0
288,30,1.0
288,36,1.0
288,44,1.0
288,64,1.0
288,74,1.0
288,121,1.0
288,132,1.0
288,180,1.0
288,185,1.0
288,282,1.0
288,288,1.0
288,307,1.0
288,310,1.0
288,315,1.0
288,316,1.0
288,342,1.0
288,343,1.0
288,374,1.0
288,400,1.0
288,448,1.0
288,459,1.0
288,461,1.0
288,466,1.0
288,494,1.0
288,506,1.0
289,30,1.0
289,44,1.0
289,49,1.0
289,61,1.0
289,289,1.0
289,315,1.0
289,343,1.0
289,374,1.0
289,389,1.0
289,407,1.0
289,415,1.0
289,439,1.0
289,448,1.0
289,468,1.0
290,290,1.0
291,291,1.0
292,292,1.0
293,293,1.0
294,294,1.0
295,63,1.0
295,126,1.0
295,149,1.0
295,192,1.0
295,295,1.0
296,13,1.0
296,35,1.0
296,83,1.0
296,100,1.0
296,134,1.0
296,138,1.0
296,151,1.0
296,157,1.0
296,168,1.0
296,177,1.0
296,189,1.0
296,214,1.0
296,222,1.0
296,231,1.0
296,260,1.0
296,296,1.0
297,0,1.0
297,59,1.0
297,83,1.0
297,149,1.0
297,177,1.0
297,202,1.0
297,214,1.0
297,222,1.0
297,245,1.0
297,279,1.0
297,297,1.0
298,298,1.0
299,13,1.0
299,25,1.0
299,35,1.0
299,36,1.0
299,45,1.0
299,64,1.0
299,74,1.0
299,121,1.0
299,132,1.0
299,134,1.0
299,138,1.0
299,157,1.0
299,161,1.0
299,168,1.0
299,180,1.0
299,185,1.0
299,189,1.0
299,260,1.0
299,299,1.0
299,301,1.0
299,310,1.0
299,315,1.0
299,321,1.0
299,342,1.0
299,369,1.0
299,374,1.0
299,387,1.0
299,397,1.0
299,414,1.0
299,448,1.0
299,459,1.0
299,470,1.0
299,483,1.0
299,486,1.0
299,489,1.0
299,502,1.0
299,537,1.0
300,28,1.0
300,31,1.0
300,63,1.0
300,192,1.0
300,256,1.0
300,300,1.0
300,389,1.0
301,13,1.0
301,25,1.0
301,35,1.0
301,36,1.0
301,45,1.0
301,49,1.0
301,61,1.0
301,64,1.0
301,74,1.0
301,121,1.0
301,132,1.0
301,134,1.0
301,138,1.0
301,148,1.0
301,157,1.0
301,161,1.0
301,165,1.0
301,168,1.0
301,180,1.0
301,185,1.0
301,189,1.0
301,260,1.0
301,299,1.0
301,301,1.0
301,315,1.0
301,374,1.0
301,387,1.0
301,397,1.0
301,414,1.0
301,448,1.0
301,459,1.0
301,470,1.0
301,502,1.0
301,537,1.0
302,30,1.0
302,32,1.0
302,44,1.0
302,63,1.0
302,83,1.0
302,116,1.0
302,149,1.0
302,150,1.0
302,173,1.0
302,177,1.0
302,192,1.0
302,214,1.0
302,218,1.0
302,222,1.0
302,245,1.0
302,302,1.0
303,0,1.0
303,59,1.0
303,202,1.0
303,279,1.0
303,303,1.0
303,310,1.0
303,319,1.0
303,324,1.0
303,330,1.0
303,338,1.0
303,343,1.0
303,345,1.0
303,363,1.0
303,370,1.0
303,372,1.0
303,374,1.0
303,387,1.0
303,389,1.0
303,398,1.0
303,400,1.0
303,407,1.0
303,413,1.0
303,414,1.0
303,415,1.0
303,421,1.0
303,424,1.0
303,439,1.0
303,453,1.0
303,459,1.0
303,466,1.0
303,468,1.0
303,476,1.0
303,478,1.0
303,479,1.0
303,481,1.0
303,483,1.0
303,489,1.0
303,494,1.0
303,500,1.0
303,502,1.0
303,509,1.0
303,523,1.0
303,527,1.0
303,531,1.0
303,534,1.0
303,537,1.0
303,541,1.0
304,304,1.0
305,305,1.0
306,306,1.0
307,13,1.0
307,30,1.0
307,36,1.0
307,44,1.0
307,63,1.0
307,64,1.0
307,74,1.0
307,116,1.0
307,121,1.0
307,132,1.0
307,168,1.0
307,173,1.0
307,180,1.0
307,185,1.0
307,189,1.0
307,192,1.0
307,204,1.0
307,282,1.0
307,288,1.0
307,307,1.0
307,310,1.0
307,315,1.0
307,374,1.0
307,448,1.0
308,13,1.0
308,30,1.0
308,35,1.0
308,44,1.0
308,49,1.0
308,61,1.0
308,63,1.0
308,71,1.0
308,116,1.0
308,134,1.0
308,135,1.0
308,136,1.0
308,138,1.0
308,148,1.0
308,157,1.0
308,165,1.0
308,168,1.0
308,173,1.0
308,189,1.0
308,192,1.0
308,204,1.0
308,237,1.0
308,260,1.0
308,308,1.0
309,159,1.0
309,187,1.0
309,253,1.0
309,309,1.0
310,0,1.0
310,13,1.0
310,16,1.0
310,25,1.0
310,30,1.0
310,35,1.0
310,36,1.0
310,44,1.0
310,45,1.0
310,59,1.0
310,63,1.0
310,64,1.0
310,71,1.0
310,74,1.0
310,84,1.0
310,86,1.0
310,116,1.0
310,121,1.0
310,126,1.0
310,132,1.0
310,134,1.0
310,136,1.0
310,138,1.0
310,142,1.0
310,149,1.0
310,157,1.0
310,161,1.0
310,168,1.0
310,173,1.0
310,180,1.0
310,185,1.0
310,189,1.0
310,192,1.0
310,200,1.0
310,202,1.0
310,204,1.0
310,216,1.0
310,217,1.0
310,237,1.0
310,260,1.0
310,279,1.0
310,282,1.0
310,288,1.0
310,299,1.0
310,303,1.0
310,307,1.0
310,310,1.0
311,311,1.0
312,63,1.0
312,192,1.0
312,312,1.0
312,315,1.0
312,316,1.0
312,333,1.0
312,344,1.0
312,362,1.0
312,372,1.0
312,374,1.0
312,388,1.0
312,389,1.0
312,407,1.0
312,409,1.0
312,411,1.0
312,413,1.0
312,443,1.0
312,448,1.0
312,453,1.0
312,459,1.0
312,461,1.0
312,462,1.0
312,466,1.0
312,468,1.0
312,478,1.0
312,479,1.0
312,494,1.0
312,502,1.0
312,504,1.0
312,510,1.0
312,516,1.0
312,520,1.0
312,526,1.0
312,540,1.0
312,541,1.0
313,5,1.0
313,13,1.0
313,39,1.0
313,168,1.0
313,189,1.0
313,313,1.0
313,387,1.0
313,437,1.0
314,36,1.0
314,64,1.0
314,74,1.0
314,121,1.0
314,132,1.0
314,180,1.0
314,185,1.0
314,314,1.0
314,315,1.0
314,316,1.0
314,321,1.0
314,327,1.0
314,342,1.0
314,343,1.0
314,351,1.0
314,367,1.0
314,369,1.0
314,374,1.0
314,387,1.0
314,394,1.0
314,397,1.0
314,400,1.0
314,414,1.0
314,427,1.0
314,440,1.0
314,442,1.0
314,448,1.0
314,459,1.0
314,461,1.0
314,466,1.0
314,470,1.0
314,474,1.0
314,483,1.0
314,486,1.0
314,489,1.0
314,494,1.0
314,497,1.0
314,502,1.0
314,506,1.0
314,518,1.0
314,519,1.0
314,527,1.0
314,537,1.0
314,544,1.0
314,546,1.0
315,4,1.0
315,6,1.0
315,13,1.0
315,25,1.0
315,30,1.0
315,35,1.0
315,36,1.0
315,44,1.0
315,45,1.0
315,49,1.0
315,61,1.0
315,63,1.0
315,64,1.0
315,71,1.0
315,74,1.0
315,84,1.0
315,98,1.0
315,116,1.0
315,121,1.0
315,132,1.0
315,134,1.0
315,135,1.0
315,136,1.0
315,138,1.0
315,148,1.0
315,157,1.0
315,161,1.0
315,165,1.0
315,168,1.0
315,173,1.0
315,180,1.0
315,185,1.0
315,189,1.0
315,192,1.0
315,196,1.0
315,204,1.0
315,216,1.0
315,237,1.0
315,260,1.0
315,266,1.0
315,282,1.0
315,288,1.0
315,289,1.0
315,299,1.0
315,301,1.0
315,307,1.0
315,312,1.0
315,314,1.0
315,315,1.0
315,374,1.0
315,448,1.0
316,13,1.0
316,30,1.0
316,36,1.0
316,44,1.0
316,63,1.0
316,64,1.0
316,74,1.0
316,116,1.0
316,121,1.0
316,132,1.0
316,168,1.0
316,173,1.0
316,180,1.0
316,185,1.0
316,189,1.0
316,192,1.0
316,204,1.0
316,282,1.0
316,288,1.0
316,312,1.0
316,314,1.0
316,316,1.0
316,374,1.0
316,448,1.0
316,459,1.0
317,317,1.0
318,134,1.0
318,138,1.0
318,157,1.0
318,260,1.0
318,318,1.0
318,321,1.0
318,329,1.0
318,342,1.0
318,345,1.0
318,363,1.0
318,366,1.0
318,368,1.0
318,369,1.0
318,373,1.0
318,374,1.0
318,387,1.0
318,388,1.0
318,394,1.0
318,397,1.0
318,400,1.0
318,407,1.0
318,408,1.0
318,411,1.0
318,414,1.0
318,415,1.0
318,417,1.0
318,437,1.0
318,448,1.0
318,455,1.0
318,459,1.0
318,470,1.0
318,474,1.0
318,478,1.0
318,483,1.0
318,486,1.0
318,489,1.0
318,494,1.0
318,498,1.0
318,502,1.0
318,506,1.0
318,537,1.0
318,541,1.0
318,544,1.0
319,0,1.0
319,59,1.0
319,71,1.0
319,136,1.0
319,202,1.0
319,279,1.0
319,303,1.0
319,319,1.0
320,100,1.0
320,151,1.0
320,320,1.0
320,530,1.0
321,13,1.0
321,25,1.0
321,35,1.0
321,36,1.0
321,45,1.0
321,64,1.0
321,74,1.0
321,83,1.0
321,121,1.0
321,132,1.0
321,134,1.0
321,138,1.0
321,157,1.0
321,161,1.0
321,168,1.0
321,177,1.0
321,180,1.0
321,185,1.0
321,189,1.0
321,214,1.0
321,216,1.0
321,222,1.0
321,231,1.0
321,260,1.0
321,299,1.0
321,314,1.0
321,318,1.0
321,321,1.0
321,387,1.0
321,448,1.0
321,470,1.0
321,502,1.0
322,83,1.0
322,149,1.0
322,177,1.0
322,214,1.0
322,222,1.0
322,245,1.0
322,322,1.0
322,369,1.0
322,387,1.0
322,389,1.0
322,405,1.0
322,425,1.0
322,471,1.0
322,476,1.0
322,483,1.0
322,502,1.0
323,31,1.0
323,256,1.0
323,323,1.0
323,351,1.0
323,370,1.0
323,374,1.0
323,389,1.0
323,405,1.0
323,475,1.0
323,485,1.0
323,502,1.0
323,518,1.0
323,531,1.0
323,539,1.0
324,0,1.0
324,49,1.0
324,59,1.0
324,61,1.0
324,71,1.0
324,136,1.0
324,202,1.0
324,279,1.0
324,303,1.0
324,324,1.0
324,343,1.0
324,363,1.0
324,537,1.0
325,325,1.0
326,326,1.0
327,13,1.0
327,36,1.0
327,64,1.0
327,74,1.0
327,121,1.0
327,132,1.0
327,149,1.0
327,168,1.0
327,180,1.0
327,185,1.0
327,189,1.0
327,314,1.0
327,327,1.0
327,342,1.0
327,343,1.0
327,369,1.0
327,387,1.0
327,459,1.0
327,483,1.0
327,502,1.0
328,328,1.0
328,364,1.0
328,370,1.0
328,507,1.0
328,519,1.0
329,134,1.0
329,138,1.0
329,157,1.0
329,260,1.0
329,318,1.0
329,329,1.0
329,342,1.0
329,345,1.0
329,363,1.0
329,366,1.0
329,368,1.0
329,369,1.0
329,373,1.0
329,374,1.0
329,387,1.0
329,388,1.0
329,394,1.0
329,397,1.0
329,400,1.0
329,407,1.0
329,408,1.0
329,411,1.0
329,414,1.0
329,415,1.0
329,417,1.0
329,437,1.0
329,448,1.0
329,455,1.0
329,459,1.0
329,470,1.0
329,474,1.0
329,478,1.0
329,483,1.0
329,486,1.0
329,489,1.0
329,494,1.0
329,498,1.0
329,502,1.0
329,506,1.0
329,537,1.0
329,541,1.0
329,544,1.0
330,0,1.0
330,30,1.0
330,44,1.0
330,59,1.0
330,83,1.0
330,150,1.0
330,177,1.0
330,202,1.0
330,214,1.0
330,222,1.0
330,223,1.0
330,279,1.0
330,303,1.0
330,330,1.0
331,331,1.0
332,332,1.0
333,30,1.0
333,44,1.0
333,63,1.0
333,116,1.0
333,173,1.0
333,192,1.0
333,312,1.0
333,333,1.0
333,344,1.0
333,362,1.0
333,372,1.0
333,374,1.0
333,388,1.0
333,389,1.0
333,407,1.0
333,411,1.0
333,413,1.0
333,443,1.0
333,448,1.0
333,453,1.0
333,459,1.0
333,461,1.0
333,462,1.0
333,466,1.0
333,468,1.0
333,478,1.0
333,479,1.0
333,494,1.0
333,504,1.0
333,510,1.0
333,520,1.0
333,526,1.0
333,541,1.0
334,71,1.0
334,136,1.0
334,334,1.0
334,338,1.0
334,342,1.0
334,343,1.0
334,363,1.0
334,368,1.0
334,374,1.0
334,387,1.0
334,389,1.0
334,392,1.0
334,397,1.0
334,400,1.0
334,402,1.0
334,407,1.0
334,411,1.0
334,414,1.0
334,415,1.0
334,424,1.0
334,437,1.0
334,441,1.0
334,448,1.0
334,450,1.0
334,454,1.0
334,459,1.0
334,461,1.0
334,466,1.0
334,468,1.0
334,474,1.0
334,478,1.0
334,483,1.0
334,489,1.0
334,494,1.0
334,502,1.0
334,506,1.0
334,509,1.0
334,529,1.0
334,537,1.0
334,541,1.0
335,335,1.0
336,336,1.0
337,83,1.0
337,177,1.0
337,214,1.0
337,222,1.0
337,337,1.0
337,387,1.0
337,389,1.0
337,405,1.0
337,407,1.0
337,415,1.0
337,425,1.0
337,448,1.0
337,457,1.0
337,470,1.0
337,476,1.0
337,502,1.0
338,0,1.0
338,13,1.0
338,37,1.0
338,59,1.0
338,71,1.0
338,136,1.0
338,149,1.0
338,168,1.0
338,189,1.0
338,202,1.0
338,279,1.0
338,303,1.0
338,334,1.0
338,338,1.0
339,13,1.0
339,168,1.0
339,189,1.0
339,205,1.0
339,339,1.0
340,340,1.0
341,341,1.0
342,13,1.0
342,25,1.0
342,30,1.0
342,35,1.0
342,36,1.0
342,44,1.0
342,45,1.0
342,64,1.0
342,71,1.0
342,74,1.0
342,84,1.0
342,86,1.0
342,121,1.0
342,132,1.0
342,134,1.0
342,136,1.0
342,138,1.0
342,149,1.0
342,157,1.0
342,161,1.0
342,168,1.0
342,180,1.0
342,185,1.0
342,189,1.0
342,216,1.0
342,260,1.0
342,282,1.0
342,288,1.0
342,299,1.0
342,314,1.0
342,318,1.0
342,327,1.0
342,329,1.0
342,334,1.0
342,342,1.0
343,0,1.0
343,6,1.0
343,13,1.0
343,16,1.0
343,29,1.0
343,30,1.0
343,36,1.0
343,44,1.0
343,49,1.0
343,59,1.0
343,61,1.0
343,64,1.0
343,71,1.0
343,74,1.0
343,84,1.0
343,97,1.0
343,115,1.0
343,121,1.0
343,126,1.0
343,132,1.0
343,136,1.0
343,142,1.0
343,147,1.0
343,149,1.0
343,168,1.0
343,171,1.0
343,180,1.0
343,185,1.0
343,189,1.0
343,200,1.0
343,202,1.0
343,212,1.0
343,266,1.0
343,277,1.0
343,279,1.0
343,282,1.0
343,288,1.0
343,289,1.0
343,303,1.0
343,314,1.0
343,324,1.0
343,327,1.0
343,334,1.0
343,343,1.0
344,30,1.0
344,44,1.0
344,63,1.0
344,116,1.0
344,173,1.0
344,192,1.0
344,312,1.0
344,333,1.0
344,344,1.0
344,362,1.0
344,372,1.0
344,374,1.0
344,388,1.0
344,389,1.0
344,407,1.0
344,411,1.0
344,413,1.0
344,443,1.0
344,448,1.0
344,453,1.0
344,459,1.0
344,461,1.0
344,462,1.0
344,466,1.0
344,468,1.0
344,478,1.0
344,479,1.0
344,494,1.0
344,504,1.0
344,510,1.0
344,520,1.0
344,526,1.0
344,541,1.0
345,0,1.0
345,30,1.0
345,44,1.0
345,59,1.0
345,134,1.0
345,138,1.0
345,157,1.0
345,187,1.0
345,202,1.0
345,226,1.0
345,253,1.0
345,260,1.0
345,279,1.0
345,303,1.0
345,318,1.0
345,329,1.0
345,345,1.0
345,459,1.0
345,478,1.0
346,223,1.0
346,346,1.0
346,513,1.0
347,150,1.0
347,187,1.0
347,253,1.0
347,347,1.0
348,348,1.0
349,83,1.0
349,177,1.0
349,187,1.0
349,214,1.0
349,222,1.0
349,229,1.0
349,241,1.0
349,253,1.0
349,349,1.0
350,350,1.0
351,31,1.0
351,36,1.0
351,64,1.0
351,74,1.0
351,121,1.0
351,132,1.0
351,180,1.0
351,185,1.0
351,256,1.0
351,314,1.0
351,323,1.0
351,351,1.0
351,374,1.0
351,502,1.0
351,518,1.0
352,352,1.0
353,353,1.0
354,205,1.0
354,354,1.0
355,355,1.0
356,356,1.0
357,357,1.0
358,83,1.0
358,177,1.0
358,214,1.0
358,222,1.0
358,358,1.0
358,361,1.0
358,363,1.0
358,369,1.0
358,371,1.0
358,372,1.0
358,387,1.0
358,389,1.0
358,405,1.0
358,407,1.0
358,410,1.0
358,415,1.0
358,420,1.0
358,425,1.0
358,448,1.0
358,457,1.0
358,470,1.0
358,471,1.0
358,476,1.0
358,478,1.0
358,483,1.0
358,502,1.0
358,510,1.0
358,513,1.0
358,526,1.0
358,534,1.0
358,541,1.0
359,149,1.0
359,359,1.0
359,369,1.0
359,387,1.0
359,389,1.0
359,405,1.0
359,423,1.0
359,424,1.0
359,425,1.0
359,459,1.0
359,471,1.0
359,474,1.0
359,476,1.0
359,483,1.0
359,485,1.0
359,502,1.0
359,529,1.0
360,360,1.0
361,30,1.0
361,44,1.0
361,83,1.0
361,177,1.0
361,214,1.0
361,222,1.0
361,358,1.0
361,361,1.0
361,372,1.0
361,389,1.0
361,407,1.0
361,415,1.0
361,448,1.0
361,476,1.0
361,478,1.0
361,510,1.0
361,513,1.0
361,526,1.0
361,541,1.0
362,30,1.0
362,44,1.0
362,63,1.0
362,116,1.0
362,173,1.0
362,192,1.0
362,312,1.0
362,333,1.0
362,344,1.0
362,362,1.0
362,372,1.0
362,374,1.0
362,388,1.0
362,389,1.0
362,407,1.0
362,411,1.0
362,413,1.0
362,443,1.0
362,448,1.0
362,453,1.0
362,459,1.0
362,461,1.0
362,462,1.0
362,466,1.0
362,468,1.0
362,478,1.0
362,479,1.0
362,494,1.0
362,504,1.0
362,510,1.0
362,520,1.0
362,526,1.0
362,541,1.0
363,0,1.0
363,13,1.0
363,35,1.0
363,49,1.0
363,59,1.0
363,61,1.0
363,71,1.0
363,83,1.0
363,134,1.0
363,136,1.0
363,138,1.0
363,148,1.0
363,157,1.0
363,165,1.0
363,168,1.0
363,177,1.0
363,189,1.0
363,202,1.0
363,212,1.0
363,214,1.0
363,217,1.0
363,222,1.0
363,231,1.0
363,254,1.0
363,260,1.0
363,279,1.0
363,303,1.0
363,318,1.0
363,324,1.0
363,329,1.0
363,334,1.0
363,358,1.0
363,363,1.0
364,328,1.0
364,364,1.0
364,370,1.0
364,507,1.0
364,519,1.0
365,365,1.0
366,134,1.0
366,138,1.0
366,157,1.0
366,260,1.0
366,318,1.0
366,329,1.0
366,366,1.0
366,368,1.0
366,369,1.0
366,373,1.0
366,374,1.0
366,387,1.0
366,388,1.0
366,394,1.0
366,397,1.0
366,400,1.0
366,407,1.0
366,408,1.0
366,411,1.0
366,414,1.0
366,415,1.0
366,417,1.0
366,437,1.0
366,448,1.0
366,455,1.0
366,459,1.0
366,470,1.0
366,474,1.0
366,478,1.0
366,483,1.0
366,486,1.0
366,489,1.0
366,494,1.0
366,498,1.0
366,502,1.0
366,506,1.0
366,537,1.0
366,541,1.0
366,544,1.0
367,13,1.0
367,36,1.0
367,64,1.0
367,74,1.0
367,121,1.0
367,132,1.0
367,168,1.0
367,180,1.0
367,185,1.0
367,189,1.0
367,275,1.0
367,314,1.0
367,367,1.0
368,71,1.0
368,134,1.0
368,136,1.0
368,138,1.0
368,157,1.0
368,260,1.0
368,318,1.0
368,329,1.0
368,334,1.0
368,366,1.0
368,368,1.0
368,374,1.0
368,387,1.0
368,397,1.0
368,400,1.0
368,407,1.0
368,411,1.0
368,414,1.0
368,415,1.0
368,437,1.0
368,448,1.0
368,459,1.0
368,474,1.0
368,478,1.0
368,483,1.0
368,489,1.0
368,494,1.0
368,502,1.0
368,506,1.0
368,537,1.0
368,541,1.0
369,13,1.0
369,25,1.0
369,34,1.0
369,35,1.0
369,36,1.0
369,45,1.0
369,64,1.0
369,74,1.0
369,83,1.0
369,86,1.0
369,121,1.0
369,132,1.0
369,134,1.0
369,138,1.0
369,149,1.0
369,157,1.0
369,161,1.0
369,168,1.0
369,177,1.0
369,180,1.0
369,185,1.0
369,187,1.0
369,189,1.0
369,214,1.0
369,222,1.0
369,229,1.0
369,231,1.0
369,245,1.0
369,253,1.0
369,260,1.0
369,299,1.0
369,314,1.0
369,318,1.0
369,322,1.0
369,327,1.0
369,329,1.0
369,358,1.0
369,359,1.0
369,366,1.0
369,369,1.0
369,387,1.0
369,483,1.0
370,0,1.0
370,31,1.0
370,59,1.0
370,142,1.0
370,202,1.0
370,256,1.0
370,279,1.0
370,303,1.0
370,323,1.0
370,328,1.0
370,364,1.0
370,370,1.0
371,83,1.0
371,177,1.0
371,214,1.0
371,222,1.0
371,358,1.0
371,371,1.0
371,372,1.0
371,387,1.0
371,389,1.0
371,405,1.0
371,407,1.0
371,410,1.0
371,415,1.0
371,420,1.0
371,425,1.0
371,448,1.0
371,457,1.0
371,470,1.0
371,471,1.0
371,476,1.0
371,478,1.0
371,483,1.0
371,502,1.0
371,510,1.0
371,513,1.0
371,526,1.0
371,534,1.0
371,541,1.0
372,0,1.0
372,5,1.0
372,30,1.0
372,39,1.0
372,44,1.0
372,49,1.0
372,59,1.0
372,61,1.0
372,63,1.0
372,65,1.0
372,83,1.0
372,116,1.0
372,173,1.0
372,177,1.0
372,192,1.0
372,202,1.0
372,214,1.0
372,222,1.0
372,254,1.0
372,279,1.0
372,303,1.0
372,312,1.0
372,333,1.0
372,344,1.0
372,358,1.0
372,361,1.0
372,362,1.0
372,371,1.0
372,372,1.0
373,134,1.0
373,138,1.0
373,157,1.0
373,260,1.0
373,318,1.0
373,329,1.0
373,366,1.0
373,373,1.0
373,374,1.0
373,387,1.0
373,388,1.0
373,394,1.0
373,397,1.0
373,400,1.0
373,407,1.0
373,408,1.0
373,411,1.0
373,414,1.0
373,415,1.0
373,417,1.0
373,437,1.0
373,448,1.0
373,455,1.0
373,459,1.0
373,470,1.0
373,474,1.0
373,478,1.0
373,483,1.0
373,486,1.0
373,489,1.0
373,494,1.0
373,498,1.0
373,502,1.0
373,506,1.0
373,537,1.0
373,541,1.0
373,544,1.0
374,0,1.0
374,4,1.0
374,6,1.0
374,13,1.0
374,16,1.0
374,25,1.0
374,30,1.0
374,31,1.0
374,35,1.0
374,36,1.0
374,44,1.0
374,45,1.0
374,49,1.0
374,58,1.0
374,59,1.0
374,61,1.0
374,63,1.0
374,64,1.0
374,71,1.0
374,74,1.0
374,84,1.0
374,89,1.0
374,98,1.0
374,115,1.0
374,116,1.0
374,117,1.0
374,121,1.0
374,124,1.0
374,126,1.0
374,132,1.0
374,134,1.0
374,135,1.0
374,136,1.0
374,138,1.0
374,142,1.0
374,147,1.0
374,148,1.0
374,157,1.0
374,161,1.0
374,165,1.0
374,168,1.0
374,173,1.0
374,180,1.0
374,185,1.0
374,189,1.0
374,192,1.0
374,196,1.0
374,200,1.0
374,202,1.0
374,204,1.0
374,216,1.0
374,217,1.0
374,237,1.0
374,256,1.0
374,260,1.0
374,266,1.0
374,279,1.0
374,282,1.0
374,288,1.0
374,289,1.0
374,299,1.0
374,301,1.0
374,303,1.0
374,307,1.0
374,312,1.0
374,314,1.0
374,315,1.0
374,316,1.0
374,318,1.0
374,323,1.0
374,329,1.0
374,333,1.0
374,334,1.0
374,344,1.0
374,351,1.0
374,362,1.0
374,366,1.0
374,368,1.0
374,373,1.0
374,374,1.0
375,375,1.0
376,187,1.0
376,253,1.0
376,376,1.0
376,387,1.0
376,389,1.0
376,411,1.0
376,414,1.0
376,418,1.0
376,436,1.0
376,448,1.0
376,459,1.0
376,472,1.0
376,476,1.0
376,478,1.0
376,479,1.0
376,483,1.0
376,498,1.0
376,506,1.0
376,513,1.0
376,529,1.0
376,532,1.0
376,537,1.0
377,377,1.0
378,5,1.0
378,39,1.0
378,378,1.0
378,387,1.0
378,437,1.0
378,438,1.0
378,534,1.0
379,379,1.0
380,380,1.0
381,381,1.0
382,382,1.0
383,383,1.0
384,384,1.0
385,385,1.0
385,403,1.0
385,483,1.0
386,386,1.0
387,0,1.0
387,4,1.0
387,5,1.0
387,6,1.0
387,13,1.0
387,16,1.0
387,25,1.0
387,32,1.0
387,34,1.0
387,35,1.0
387,36,1.0
387,39,1.0
387,45,1.0
387,49,1.0
387,58,1.0
387,59,1.0
387,61,1.0
387,64,1.0
387,65,1.0
387,71,1.0
387,74,1.0
387,83,1.0
387,84,1.0
387,86,1.0
387,121,1.0
387,132,1.0
387,134,1.0
387,136,1.0
387,138,1.0
387,142,1.0
387,147,1.0
387,148,1.0
387,149,1.0
387,157,1.0
387,161,1.0
387,165,1.0
387,168,1.0
387,177,1.0
387,180,1.0
387,185,1.0
387,187,1.0
387,189,1.0
387,193,1.0
387,196,1.0
387,202,1.0
387,214,1.0
387,216,1.0
387,217,1.0
387,218,1.0
387,222,1.0
387,229,1.0
387,231,1.0
387,245,1.0
387,253,1.0
387,254,1.0
387,259,1.0
387,260,1.0
387,266,1.0
387,279,1.0
387,299,1.0
387,301,1.0
387,303,1.0
387,313,1.0
387,314,1.0
387,318,1.0
387,321,1.0
387,322,1.0
387,327,1.0
387,329,1.0
387,334,1.0
387,337,1.0
387,358,1.0
387,359,1.0
387,366,1.0
387,368,1.0
387,369,1.0
387,371,1.0
387,373,1.0
387,376,1.0
387,378,1.0
387,387,1.0
388,30,1.0
388,44,1.0
388,63,1.0
388,116,1.0
388,134,1.0
388,138,1.0
388,157,1.0
388,173,1.0
388,192,1.0
388,237,1.0
388,260,1.0
388,312,1.0
388,318,1.0
388,329,1.0
388,333,1.0
388,344,1.0
388,362,1.0
388,366,1.0
388,373,1.0
388,388,1.0
388,407,1.0
388,411,1.0
388,448,1.0
388,459,1.0
388,478,1.0
388,494,1.0
388,541,1.0
389,0,1.0
389,13,1.0
389,18,1.0
389,27,1.0
389,28,1.0
389,30,1.0
389,31,1.0
389,32,1.0
389,34,1.0
389,40,1.0
389,44,1.0
389,49,1.0
389,59,1.0
389,61,1.0
389,63,1.0
389,71,1.0
389,83,1.0
389,115,1.0
389,116,1.0
389,135,1.0
389,136,1.0
389,142,1.0
389,149,1.0
389,168,1.0
389,173,1.0
389,177,1.0
389,183,1.0
389,187,1.0
389,189,1.0
389,192,1.0
389,202,1.0
389,204,1.0
389,214,1.0
389,218,1.0
389,220,1.0
389,222,1.0
389,226,1.0
389,229,1.0
389,236,1.0
389,245,1.0
389,253,1.0
389,254,1.0
389,256,1.0
389,259,1.0
389,266,1.0
389,274,1.0
389,278,1.0
389,279,1.0
389,289,1.0
389,300,1.0
389,303,1.0
389,312,1.0
389,322,1.0
389,323,1.0
389,333,1.0
389,334,1.0
389,337,1.0
389,344,1.0
389,358,1.0
389,359,1.0
389,361,1.0
389,362,1.0
389,371,1.0
389,376,1.0
389,389,1.0
390,390,1.0
391,391,1.0
392,49,1.0
392,61,1.0
392,71,1.0
392,136,1.0
392,334,1.0
392,392,1.0
392,474,1.0
392,529,1.0
392,537,1.0
393,186,1.0
393,393,1.0
394,36,1.0
394,45,1.0
394,64,1.0
394,74,1.0
394,121,1.0
394,132,1.0
394,134,1.0
394,138,1.0
394,157,1.0
394,161,1.0
394,180,1.0
394,185,1.0
394,260,1.0
394,314,1.0
394,318,1.0
394,329,1.0
394,366,1.0
394,373,1.0
394,394,1.0
394,397,1.0
394,400,1.0
394,414,1.0
394,448,1.0
394,459,1.0
394,470,1.0
394,474,1.0
394,483,1.0
394,486,1.0
394,489,1.0
394,494,1.0
394,502,1.0
394,506,1.0
394,537,1.0
394,544,1.0
395,395,1.0
396,396,1.0
397,6,1.0
397,13,1.0
397,25,1.0
397,35,1.0
397,36,1.0
397,45,1.0
397,49,1.0
397,61,1.0
397,64,1.0
397,71,1.0
397,74,1.0
397,84,1.0
397,121,1.0
397,132,1.0
397,134,1.0
397,136,1.0
397,138,1.0
397,148,1.0
397,157,1.0
397,161,1.0
397,165,1.0
397,168,1.0
397,180,1.0
397,185,1.0
397,189,1.0
397,260,1.0
397,299,1.0
397,301,1.0
397,314,1.0
397,318,1.0
397,329,1.0
397,334,1.0
397,366,1.0
397,368,1.0
397,373,1.0
397,394,1.0
397,397,1.0
398,0,1.0
398,59,1.0
398,202,1.0
398,279,1.0
398,303,1.0
398,398,1.0
398,400,1.0
398,407,1.0
398,413,1.0
398,414,1.0
398,415,1.0
398,421,1.0
398,424,1.0
398,439,1.0
398,453,1.0
398,459,1.0
398,466,1.0
398,468,1.0
398,476,1.0
398,478,1.0
398,479,1.0
398,481,1.0
398,483,1.0
398,489,1.0
398,494,1.0
398,500,1.0
398,502,1.0
398,509,1.0
398,523,1.0
398,527,1.0
398,531,1.0
398,534,1.0
398,537,1.0
398,541,1.0
399,399,1.0
399,405,1.0
399,407,1.0
399,415,1.0
399,423,1.0
399,425,1.0
399,438,1.0
399,439,1.0
399,448,1.0
399,457,1.0
399,468,1.0
399,470,1.0
399,476,1.0
399,481,1.0
399,486,1.0
399,500,1.0
399,502,1.0
400,0,1.0
400,16,1.0
400,30,1.0
400,36,1.0
400,44,1.0
400,45,1.0
400,59,1.0
400,64,1.0
400,71,1.0
400,74,1.0
400,84,1.0
400,121,1.0
400,132,1.0
400,134,1.0
400,136,1.0
400,138,1.0
400,157,1.0
400,161,1.0
400,180,1.0
400,185,1.0
400,202,1.0
400,217,1.0
400,260,1.0
400,279,1.0
400,282,1.0
400,288,1.0
400,303,1.0
400,314,1.0
400,318,1.0
400,329,1.0
400,334,1.0
400,366,1.0
400,368,1.0
400,373,1.0
400,394,1.0
400,398,1.0
400,400,1.0
400,459,1.0
400,494,1.0
401,401,1.0
402,71,1.0
402,136,1.0
402,334,1.0
402,402,1.0
402,407,1.0
402,411,1.0
402,414,1.0
402,415,1.0
402,424,1.0
402,437,1.0
402,441,1.0
402,448,1.0
402,450,1.0
402,454,1.0
402,459,1.0
402,461,1.0
402,466,1.0
402,468,1.0
402,474,1.0
402,478,1.0
402,483,1.0
402,489,1.0
402,494,1.0
402,502,1.0
402,506,1.0
402,509,1.0
402,529,1.0
402,537,1.0
402,541,1.0
403,150,1.0
403,385,1.0
403,403,1.0
404,49,1.0
404,61,1.0
404,404,1.0
404,407,1.0
404,411,1.0
404,414,1.0
404,415,1.0
404,418,1.0
404,424,1.0
404,439,1.0
404,448,1.0
404,449,1.0
404,450,1.0
404,455,1.0
404,459,1.0
404,462,1.0
404,466,1.0
404,468,1.0
404,470,1.0
404,471,1.0
404,474,1.0
404,478,1.0
404,479,1.0
404,494,1.0
404,500,1.0
404,502,1.0
404,506,1.0
404,509,1.0
404,529,1.0
404,537,1.0
404,541,1.0
404,546,1.0
405,31,1.0
405,32,1.0
405,83,1.0
405,149,1.0
405,177,1.0
405,214,1.0
405,218,1.0
405,220,1.0
405,222,1.0
405,245,1.0
405,256,1.0
405,322,1.0
405,323,1.0
405,337,1.0
405,358,1.0
405,359,1.0
405,371,1.0
405,399,1.0
405,405,1.0
405,502,1.0
406,56,1.0
406,224,1.0
406,406,1.0
407,0,1.0
407,13,1.0
407,30,1.0
407,35,1.0
407,44,1.0
407,49,1.0
407,59,1.0
407,61,1.0
407,63,1.0
407,71,1.0
407,83,1.0
407,111,1.0
407,115,1.0
407,116,1.0
407,134,1.0
407,135,1.0
407,136,1.0
407,138,1.0
407,142,1.0
407,148,1.0
407,157,1.0
407,165,1.0
407,168,1.0
407,173,1.0
407,177,1.0
407,189,1.0
407,192,1.0
407,202,1.0
407,204,1.0
407,214,1.0
407,217,1.0
407,222,1.0
407,231,1.0
407,237,1.0
407,254,1.0
407,260,1.0
407,266,1.0
407,279,1.0
407,289,1.0
407,303,1.0
407,312,1.0
407,318,1.0
407,329,1.0
407,333,1.0
407,334,1.0
407,337,1.0
407,344,1.0
407,358,1.0
407,361,1.0
407,362,1.0
407,366,1.0
407,368,1.0
407,371,1.0
407,373,1.0
407,388,1.0
407,398,1.0
407,399,1.0
407,402,1.0
407,404,1.0
407,407,1.0
408,134,1.0
408,138,1.0
408,157,1.0
408,260,1.0
408,318,1.0
408,329,1.0
408,366,1.0
408,373,1.0
408,408,1.0
408,411,1.0
408,414,1.0
408,415,1.0
408,417,1.0
408,437,1.0
408,448,1.0
408,455,1.0
408,459,1.0
408,470,1.0
408,474,1.0
408,478,1.0
408,483,1.0
408,486,1.0
408,489,1.0
408,494,1.0
408,498,1.0
408,502,1.0
408,506,1.0
408,537,1.0
408,541,1.0
408,544,1.0
409,63,1.0
409,192,1.0
409,312,1.0
409,409,1.0
409,502,1.0
410,37,1.0
410,83,1.0
410,177,1.0
410,214,1.0
410,222,1.0
410,358,1.0
410,371,1.0
410,410,1.0
411,13,1.0
411,30,1.0
411,35,1.0
411,44,1.0
411,47,1.0
411,49,1.0
411,61,1.0
411,63,1.0
411,71,1.0
411,116,1.0
411,134,1.0
411,135,1.0
411,136,1.0
411,138,1.0
411,148,1.0
411,157,1.0
411,165,1.0
411,168,1.0
411,173,1.0
411,187,1.0
411,189,1.0
411,192,1.0
411,204,1.0
411,226,1.0
411,237,1.0
411,253,1.0
411,260,1.0
411,312,1.0
411,318,1.0
411,329,1.0
411,333,1.0
411,334,1.0
411,344,1.0
411,362,1.0
411,366,1.0
411,368,1.0
411,373,1.0
411,376,1.0
411,388,1.0
411,402,1.0
411,404,1.0
411,408,1.0
411,411,1.0
412,412,1.0
412,421,1.0
412,474,1.0
412,513,1.0
412,515,1.0
412,529,1.0
412,531,1.0
412,537,1.0
413,0,1.0
413,30,1.0
413,44,1.0
413,59,1.0
413,63,1.0
413,116,1.0
413,173,1.0
413,192,1.0
413,202,1.0
413,279,1.0
413,303,1.0
413,312,1.0
413,333,1.0
413,344,1.0
413,362,1.0
413,398,1.0
413,413,1.0
413,453,1.0
413,459,1.0
413,466,1.0
413,468,1.0
413,478,1.0
413,479,1.0
413,494,1.0
413,541,1.0
414,0,1.0
414,6,1.0
414,13,1.0
414,16,1.0
414,25,1.0
414,35,1.0
414,36,1.0
414,45,1.0
414,49,1.0
414,58,1.0
414,59,1.0
414,61,1.0
414,64,1.0
414,71,1.0
414,74,1.0
414,84,1.0
414,121,1.0
414,126,1.0
414,132,1.0
414,134,1.0
414,136,1.0
414,138,1.0
414,148,1.0
414,157,1.0
414,161,1.0
414,165,1.0
414,168,1.0
414,180,1.0
414,185,1.0
414,187,1.0
414,189,1.0
414,202,1.0
414,217,1.0
414,253,1.0
414,260,1.0
414,279,1.0
414,299,1.0
414,301,1.0
414,303,1.0
414,314,1.0
414,318,1.0
414,329,1.0
414,334,1.0
414,366,1.0
414,368,1.0
414,373,1.0
414,376,1.0
414,394,1.0
414,398,1.0
414,402,1.0
414,404,1.0
414,408,1.0
414,414,1.0
415,0,1.0
415,30,1.0
415,44,1.0
415,49,1.0
415,59,1.0
415,61,1.0
415,71,1.0
415,83,1.0
415,115,1.0
415,134,1.0
415,136,1.0
415,138,1.0
415,142,1.0
415,148,1.0
415,157,1.0
415,165,1.0
415,177,1.0
415,202,1.0
415,214,1.0
415,217,1.0
415,222,1.0
415,254,1.0
415,260,1.0
415,279,1.0
415,289,1.0
415,303,1.0
415,318,1.0
415,329,1.0
415,334,1.0
415,337,1.0
415,358,1.0
415,361,1.0
415,366,1.0
415,368,1.0
415,371,1.0
415,373,1.0
415,398,1.0
415,399,1.0
415,402,1.0
415,404,1.0
415,408,1.0
415,415,1.0
416,416,1.0
417,134,1.0
417,138,1.0
417,157,1.0
417,260,1.0
417,318,1.0
417,329,1.0
417,366,1.0
417,373,1.0
417,408,1.0
417,417,1.0
417,437,1.0
417,448,1.0
417,455,1.0
417,459,1.0
417,470,1.0
417,474,1.0
417,478,1.0
417,483,1.0
417,486,1.0
417,489,1.0
417,494,1.0
417,498,1.0
417,502,1.0
417,506,1.0
417,537,1.0
417,541,1.0
417,544,1.0
418,13,1.0
418,30,1.0
418,44,1.0
418,49,1.0
418,61,1.0
418,168,1.0
418,187,1.0
418,189,1.0
418,226,1.0
418,253,1.0
418,376,1.0
418,404,1.0
418,418,1.0
418,459,1.0
419,13,1.0
419,168,1.0
419,189,1.0
419,419,1.0
419,436,1.0
419,437,1.0
419,448,1.0
419,454,1.0
419,459,1.0
419,470,1.0
419,478,1.0
419,483,1.0
419,486,1.0
419,489,1.0
419,498,1.0
419,502,1.0
419,509,1.0
419,519,1.0
419,537,1.0
419,538,1.0
419,541,1.0
420,83,1.0
420,177,1.0
420,214,1.0
420,222,1.0
420,358,1.0
420,371,1.0
420,420,1.0
420,483,1.0
421,0,1.0
421,59,1.0
421,202,1.0
421,279,1.0
421,303,1.0
421,398,1.0
421,412,1.0
421,421,1.0
422,422,1.0
423,149,1.0
423,359,1.0
423,399,1.0
423,423,1.0
423,425,1.0
423,476,1.0
423,502,1.0
424,0,1.0
424,49,1.0
424,59,1.0
424,61,1.0
424,71,1.0
424,136,1.0
424,149,1.0
424,202,1.0
424,279,1.0
424,303,1.0
424,334,1.0
424,359,1.0
424,398,1.0
424,402,1.0
424,404,1.0
424,424,1.0
425,32,1.0
425,83,1.0
425,149,1.0
425,177,1.0
425,214,1.0
425,218,1.0
425,222,1.0
425,245,1.0
425,322,1.0
425,337,1.0
425,358,1.0
425,359,1.0
425,371,1.0
425,399,1.0
425,423,1.0
425,425,1.0
425,476,1.0
425,502,1.0
426,30,1.0
426,44,1.0
426,426,1.0
426,439,1.0
426,443,1.0
426,448,1.0
426,449,1.0
426,453,1.0
426,459,1.0
426,461,1.0
426,462,1.0
426,466,1.0
426,468,1.0
426,476,1.0
426,478,1.0
426,479,1.0
426,494,1.0
426,498,1.0
426,504,1.0
426,506,1.0
426,509,1.0
426,510,1.0
426,513,1.0
426,520,1.0
426,526,1.0
426,535,1.0
426,541,1.0
427,36,1.0
427,64,1.0
427,74,1.0
427,121,1.0
427,132,1.0
427,180,1.0
427,185,1.0
427,314,1.0
427,427,1.0
428,428,1.0
429,429,1.0
430,430,1.0
431,431,1.0
432,432,1.0
433,433,1.0
434,434,1.0
435,435,1.0
436,13,1.0
436,168,1.0
436,187,1.0
436,189,1.0
436,253,1.0
436,376,1.0
436,419,1.0
436,436,1.0
436,448,1.0
436,459,1.0
436,478,1.0
436,483,1.0
436,498,1.0
436,537,1.0
437,5,1.0
437,13,1.0
437,35,1.0
437,39,1.0
437,65,1.0
437,71,1.0
437,134,1.0
437,136,1.0
437,138,1.0
437,157,1.0
437,168,1.0
437,189,1.0
437,260,1.0
437,313,1.0
437,318,1.0
437,329,1.0
437,334,1.0
437,366,1.0
437,368,1.0
437,373,1.0
437,378,1.0
437,402,1.0
437,408,1.0
437,417,1.0
437,419,1.0
437,437,1.0
438,5,1.0
438,39,1.0
438,65,1.0
438,378,1.0
438,399,1.0
438,438,1.0
439,0,1.0
439,18,1.0
439,30,1.0
439,44,1.0
439,49,1.0
439,59,1.0
439,61,1.0
439,115,1.0
439,142,1.0
439,202,1.0
439,236,1.0
439,279,1.0
439,289,1.0
439,303,1.0
439,398,1.0
439,399,1.0
439,404,1.0
439,426,1.0
439,439,1.0
440,36,1.0
440,64,1.0
440,74,1.0
440,121,1.0
440,132,1.0
440,180,1.0
440,185,1.0
440,314,1.0
440,440,1.0
440,502,1.0
441,71,1.0
441,136,1.0
441,334,1.0
441,402,1.0
441,441,1.0
441,448,1.0
441,450,1.0
441,454,1.0
441,459,1.0
441,461,1.0
441,466,1.0
441,468,1.0
441,474,1.0
441,478,1.0
441,483,1.0
441,489,1.0
441,494,1.0
441,502,1.0
441,506,1.0
441,509,1.0
441,529,1.0
441,537,1.0
441,541,1.0
442,36,1.0
442,64,1.0
442,74,1.0
442,121,1.0
442,132,1.0
442,180,1.0
442,185,1.0
442,314,1.0
442,442,1.0
442,448,1.0
442,459,1.0
442,461,1.0
442,466,1.0
442,470,1.0
442,474,1.0
442,483,1.0
442,486,1.0
442,489,1.0
442,494,1.0
442,497,1.0
442,502,1.0
442,506,1.0
442,518,1.0
442,519,1.0
442,527,1.0
442,537,1.0
442,544,1.0
442,546,1.0
443,30,1.0
443,44,1.0
443,63,1.0
443,116,1.0
443,173,1.0
443,192,1.0
443,312,1.0
443,333,1.0
443,344,1.0
443,362,1.0
443,426,1.0
443,443,1.0
443,448,1.0
443,453,1.0
443,459,1.0
443,461,1.0
443,462,1.0
443,466,1.0
443,468,1.0
443,478,1.0
443,479,1.0
443,494,1.0
443,504,1.0
443,510,1.0
443,520,1.0
443,526,1.0
443,541,1.0
444,444,1.0
445,445,1.0
446,205,1.0
446,241,1.0
446,446,1.0
447,447,1.0
448,4,1.0
448,6,1.0
448,13,1.0
448,25,1.0
448,30,1.0
448,34,1.0
448,35,1.0
448,36,1.0
448,44,1.0
448,45,1.0
448,47,1.0
448,49,1.0
448,61,1.0
448,63,1.0
448,64,1.0
448,71,1.0
448,74,1.0
448,83,1.0
448,84,1.0
448,98,1.0
448,116,1.0
448,121,1.0
448,132,1.0
448,134,1.0
448,135,1.0
448,136,1.0
448,138,1.0
448,148,1.0
448,157,1.0
448,161,1.0
448,165,1.0
448,167,1.0
448,168,1.0
448,173,1.0
448,177,1.0
448,180,1.0
448,185,1.0
448,187,1.0
448,189,1.0
448,192,1.0
448,196,1.0
448,204,1.0
448,214,1.0
448,216,1.0
448,222,1.0
448,226,1.0
448,229,1.0
448,231,1.0
448,237,1.0
448,253,1.0
448,254,1.0
448,260,1.0
448,266,1.0
448,274,1.0
448,282,1.0
448,288,1.0
448,289,1.0
448,299,1.0
448,301,1.0
448,307,1.0
448,312,1.0
448,314,1.0
448,315,1.0
448,316,1.0
448,318,1.0
448,321,1.0
448,329,1.0
448,333,1.0
448,334,1.0
448,337,1.0
448,344,1.0
448,358,1.0
448,361,1.0
448,362,1.0
448,366,1.0
448,368,1.0
448,371,1.0
448,373,1.0
448,376,1.0
448,388,1.0
448,394,1.0
448,399,1.0
448,402,1.0
448,404,1.0
448,408,1.0
448,417,1.0
448,419,1.0
448,426,1.0
448,436,1.0
448,441,1.0
448,442,1.0
448,443,1.0
448,448,1.0
449,30,1.0
449,44,1.0
449,49,1.0
449,61,1.0
449,404,1.0
449,426,1.0
449,449,1.0
449,459,1.0
449,462,1.0
449,466,1.0
449,468,1.0
449,478,1.0
449,479,1.0
449,494,1.0
449,506,1.0
449,509,1.0
449,541,1.0
450,18,1.0
450,49,1.0
450,61,1.0
450,71,1.0
450,136,1.0
450,150,1.0
450,236,1.0
450,334,1.0
450,402,1.0
450,404,1.0
450,441,1.0
450,450,1.0
451,451,1.0
452,452,1.0
453,0,1.0
453,30,1.0
453,44,1.0
453,59,1.0
453,63,1.0
453,116,1.0
453,173,1.0
453,192,1.0
453,202,1.0
453,279,1.0
453,303,1.0
453,312,1.0
453,333,1.0
453,344,1.0
453,362,1.0
453,398,1.0
453,413,1.0
453,426,1.0
453,443,1.0
453,453,1.0
453,459,1.0
453,466,1.0
453,468,1.0
453,478,1.0
453,479,1.0
453,494,1.0
453,541,1.0
454,13,1.0
454,71,1.0
454,136,1.0
454,168,1.0
454,189,1.0
454,334,1.0
454,402,1.0
454,419,1.0
454,441,1.0
454,454,1.0
454,459,1.0
454,478,1.0
454,483,1.0
454,489,1.0
454,502,1.0
454,509,1.0
454,537,1.0
454,541,1.0
455,49,1.0
455,61,1.0
455,134,1.0
455,138,1.0
455,148,1.0
455,157,1.0
455,165,1.0
455,260,1.0
455,318,1.0
455,329,1.0
455,366,1.0
455,373,1.0
455,404,1.0
455,408,1.0
455,417,1.0
455,455,1.0
455,459,1.0
455,470,1.0
455,474,1.0
455,478,1.0
455,494,1.0
455,502,1.0
455,506,1.0
455,537,1.0
455,541,1.0
456,456,1.0
457,83,1.0
457,177,1.0
457,214,1.0
457,222,1.0
457,337,1.0
457,358,1.0
457,371,1.0
457,399,1.0
457,457,1.0
458,458,1.0
459,0,1.0
459,6,1.0
459,13,1.0
459,16,1.0
459,25,1.0
459,28,1.0
459,30,1.0
459,35,1.0
459,36,1.0
459,44,1.0
459,45,1.0
459,47,1.0
459,49,1.0
459,58,1.0
459,59,1.0
459,61,1.0
459,63,1.0
459,64,1.0
459,71,1.0
459,74,1.0
459,84,1.0
459,86,1.0
459,98,1.0
459,116,1.0
459,117,1.0
459,121,1.0
459,132,1.0
459,134,1.0
459,135,1.0
459,136,1.0
459,138,1.0
459,148,1.0
459,149,1.0
459,157,1.0
459,161,1.0
459,165,1.0
459,168,1.0
459,173,1.0
459,180,1.0
459,183,1.0
459,185,1.0
459,187,1.0
459,189,1.0
459,192,1.0
459,202,1.0
459,204,1.0
459,217,1.0
459,226,1.0
459,237,1.0
459,253,1.0
459,260,1.0
459,278,1.0
459,279,1.0
459,282,1.0
459,288,1.0
459,299,1.0
459,301,1.0
459,303,1.0
459,312,1.0
459,314,1.0
459,316,1.0
459,318,1.0
459,327,1.0
459,329,1.0
459,333,1.0
459,334,1.0
459,344,1.0
459,345,1.0
459,359,1.0
459,362,1.0
459,366,1.0
459,368,1.0
459,373,1.0
459,376,1.0
459,388,1.0
459,394,1.0
459,398,1.0
459,400,1.0
459,402,1.0
459,404,1.0
459,408,1.0
459,413,1.0
459,417,1.0
459,418,1.0
459,419,1.0
459,426,1.0
459,436,1.0
459,441,1.0
459,442,1.0
459,443,1.0
459,449,1.0
459,453,1.0
459,454,1.0
459,455,1.0
459,459,1.0
460,460,1.0
461,30,1.0
461,36,1.0
461,44,1.0
461,63,1.0
461,64,1.0
461,71,1.0
461,74,1.0
461,84,1.0
461,116,1.0
461,121,1.0
461,132,1.0
461,136,1.0
461,173,1.0
461,180,1.0
461,185,1.0
461,192,1.0
461,282,1.0
461,288,1.0
461,312,1.0
461,314,1.0
461,333,1.0
461,334,1.0
461,344,1.0
461,362,1.0
461,402,1.0
461,426,1.0
461,441,1.0
461,442,1.0
461,443,1.0
461,461,1.0
461,466,1.0
461,494,1.0
462,30,1.0
462,44,1.0
462,49,1.0
462,61,1.0
462,63,1.0
462,116,1.0
462,173,1.0
462,192,1.0
462,312,1.0
462,333,1.0
462,344,1.0
462,362,1.0
462,404,1.0
462,426,1.0
462,443,1.0
462,449,1.0
462,462,1.0
462,466,1.0
462,468,1.0
462,478,1.0
462,479,1.0
462,494,1.0
462,541,1.0
463,463,1.0
464,464,1.0
465,465,1.0
466,0,1.0
466,16,1.0
466,30,1.0
466,36,1.0
466,44,1.0
466,49,1.0
466,59,1.0
466,61,1.0
466,63,1.0
466,64,1.0
466,71,1.0
466,74,1.0
466,84,1.0
466,116,1.0
466,121,1.0
466,132,1.0
466,136,1.0
466,173,1.0
466,180,1.0
466,185,1.0
466,192,1.0
466,202,1.0
466,279,1.0
466,282,1.0
466,288,1.0
466,303,1.0
466,312,1.0
466,314,1.0
466,333,1.0
466,334,1.0
466,344,1.0
466,362,1.0
466,398,1.0
466,402,1.0
466,404,1.0
466,413,1.0
466,426,1.0
466,441,1.0
466,442,1.0
466,443,1.0
466,449,1.0
466,453,1.0
466,461,1.0
466,462,1.0
466,466,1.0
467,467,1.0
468,0,1.0
468,30,1.0
468,44,1.0
468,49,1.0
468,59,1.0
468,61,1.0
468,63,1.0
468,71,1.0
468,115,1.0
468,116,1.0
468,136,1.0
468,142,1.0
468,150,1.0
468,160,1.0
468,173,1.0
468,192,1.0
468,202,1.0
468,279,1.0
468,289,1.0
468,303,1.0
468,312,1.0
468,333,1.0
468,334,1.0
468,344,1.0
468,362,1.0
468,398,1.0
468,399,1.0
468,402,1.0
468,404,1.0
468,413,1.0
468,426,1.0
468,441,1.0
468,443,1.0
468,449,1.0
468,453,1.0
468,462,1.0
468,468,1.0
469,469,1.0
470,4,1.0
470,13,1.0
470,25,1.0
470,35,1.0
470,36,1.0
470,45,1.0
470,49,1.0
470,61,1.0
470,64,1.0
470,74,1.0
470,83,1.0
470,121,1.0
470,132,1.0
470,134,1.0
470,138,1.0
470,148,1.0
470,157,1.0
470,161,1.0
470,165,1.0
470,168,1.0
470,177,1.0
470,180,1.0
470,185,1.0
470,189,1.0
470,214,1.0
470,216,1.0
470,222,1.0
470,231,1.0
470,254,1.0
470,260,1.0
470,299,1.0
470,301,1.0
470,314,1.0
470,318,1.0
470,321,1.0
470,329,1.0
470,337,1.0
470,358,1.0
470,366,1.0
470,371,1.0
470,373,1.0
470,394,1.0
470,399,1.0
470,404,1.0
470,408,1.0
470,417,1.0
470,419,1.0
470,442,1.0
470,455,1.0
470,470,1.0
470,502,1.0
471,49,1.0
471,61,1.0
471,83,1.0
471,149,1.0
471,177,1.0
471,214,1.0
471,222,1.0
471,245,1.0
471,254,1.0
471,322,1.0
471,358,1.0
471,359,1.0
471,371,1.0
471,404,1.0
471,471,1.0
471,502,1.0
472,187,1.0
472,253,1.0
472,376,1.0
472,472,1.0
472,476,1.0
472,478,1.0
472,479,1.0
472,483,1.0
472,498,1.0
472,506,1.0
472,513,1.0
472,529,1.0
472,532,1.0
472,537,1.0
473,473,1.0
474,36,1.0
474,45,1.0
474,49,1.0
474,61,1.0
474,64,1.0
474,71,1.0
474,74,1.0
474,84,1.0
474,86,1.0
474,121,1.0
474,132,1.0
474,134,1.0
474,136,1.0
474,138,1.0
474,148,1.0
474,149,1.0
474,157,1.0
474,161,1.0
474,165,1.0
474,180,1.0
474,185,1.0
474,260,1.0
474,314,1.0
474,318,1.0
474,329,1.0
474,334,1.0
474,359,1.0
474,366,1.0
474,368,1.0
474,373,1.0
474,392,1.0
474,394,1.0
474,402,1.0
474,404,1.0
474,408,1.0
474,412,1.0
474,417,1.0
474,441,1.0
474,442,1.0
474,455,1.0
474,474,1.0
475,31,1.0
475,256,1.0
475,323,1.0
475,475,1.0
476,0,1.0
476,30,1.0
476,32,1.0
476,44,1.0
476,59,1.0
476,83,1.0
476,142,1.0
476,149,1.0
476,177,1.0
476,187,1.0
476,202,1.0
476,214,1.0
476,218,1.0
476,222,1.0
476,226,1.0
476,229,1.0
476,245,1.0
476,253,1.0
476,279,1.0
476,303,1.0
476,322,1.0
476,337,1.0
476,358,1.0
476,359,1.0
476,361,1.0
476,371,1.0
476,376,1.0
476,398,1.0
476,399,1.0
476,423,1.0
476,425,1.0
476,426,1.0
476,472,1.0
476,476,1.0
477,477,1.0
478,0,1.0
478,13,1.0
478,30,1.0
478,34,1.0
478,35,1.0
478,44,1.0
478,47,1.0
478,49,1.0
478,59,1.0
478,61,1.0
478,63,1.0
478,71,1.0
478,83,1.0
478,116,1.0
478,134,1.0
478,135,1.0
478,136,1.0
478,138,1.0
478,148,1.0
478,157,1.0
478,165,1.0
478,168,1.0
478,173,1.0
478,177,1.0
478,187,1.0
478,189,1.0
478,192,1.0
478,202,1.0
478,204,1.0
478,214,1.0
478,217,1.0
478,222,1.0
478,226,1.0
478,229,1.0
478,231,1.0
478,237,1.0
478,253,1.0
478,254,1.0
478,260,1.0
478,279,1.0
478,303,1.0
478,312,1.0
478,318,1.0
478,329,1.0
478,333,1.0
478,334,1.0
478,344,1.0
478,345,1.0
478,358,1.0
478,361,1.0
478,362,1.0
478,366,1.0
478,368,1.0
478,371,1.0
478,373,1.0
478,376,1.0
478,388,1.0
478,398,1.0
478,402,1.0
478,404,1.0
478,408,1.0
478,413,1.0
478,417,1.0
478,419,1.0
478,426,1.0
478,436,1.0
478,441,1.0
478,443,1.0
478,449,1.0
478,453,1.0
478,454,1.0
478,455,1.0
478,462,1.0
478,472,1.0
478,478,1.0
479,0,1.0
479,28,1.0
479,30,1.0
479,44,1.0
479,49,1.0
479,59,1.0
479,61,1.0
479,63,1.0
479,116,1.0
479,150,1.0
479,173,1.0
479,187,1.0
479,192,1.0
479,202,1.0
479,226,1.0
479,253,1.0
479,279,1.0
479,303,1.0
479,312,1.0
479,333,1.0
479,344,1.0
479,362,1.0
479,376,1.0
479,398,1.0
479,404,1.0
479,413,1.0
479,426,1.0
479,443,1.0
479,449,1.0
479,453,1.0
479,462,1.0
479,472,1.0
479,479,1.0
480,480,1.0
481,0,1.0
481,59,1.0
481,142,1.0
481,202,1.0
481,279,1.0
481,303,1.0
481,398,1.0
481,399,1.0
481,481,1.0
481,500,1.0
481,502,1.0
482,482,1.0
483,0,1.0
483,13,1.0
483,16,1.0
483,25,1.0
483,34,1.0
483,35,1.0
483,36,1.0
483,45,1.0
483,59,1.0
483,64,1.0
483,71,1.0
483,74,1.0
483,83,1.0
483,84,1.0
483,86,1.0
483,121,1.0
483,132,1.0
483,134,1.0
483,136,1.0
483,138,1.0
483,149,1.0
483,150,1.0
483,157,1.0
483,161,1.0
483,168,1.0
483,177,1.0
483,180,1.0
483,185,1.0
483,187,1.0
483,189,1.0
483,193,1.0
483,202,1.0
483,214,1.0
483,217,1.0
483,222,1.0
483,229,1.0
483,231,1.0
483,245,1.0
483,253,1.0
483,260,1.0
483,279,1.0
483,299,1.0
483,303,1.0
483,314,1.0
483,318,1.0
483,322,1.0
483,327,1.0
483,329,1.0
483,334,1.0
483,358,1.0
483,359,1.0
483,366,1.0
483,368,1.0
483,369,1.0
483,371,1.0
483,373,1.0
483,376,1.0
483,385,1.0
483,394,1.0
483,398,1.0
483,402,1.0
483,408,1.0
483,417,1.0
483,419,1.0
483,420,1.0
483,436,1.0
483,441,1.0
483,442,1.0
483,454,1.0
483,472,1.0
483,483,1.0
484,18,1.0
484,236,1.0
484,484,1.0
485,31,1.0
485,149,1.0
485,256,1.0
485,323,1.0
485,359,1.0
485,485,1.0
485,502,1.0
486,13,1.0
486,25,1.0
486,35,1.0
486,36,1.0
486,45,1.0
486,64,1.0
486,74,1.0
486,121,1.0
486,132,1.0
486,134,1.0
486,138,1.0
486,157,1.0
486,161,1.0
486,168,1.0
486,180,1.0
486,185,1.0
486,189,1.0
486,216,1.0
486,260,1.0
486,299,1.0
486,314,1.0
486,318,1.0
486,329,1.0
486,366,1.0
486,373,1.0
486,394,1.0
486,399,1.0
486,408,1.0
486,417,1.0
486,419,1.0
486,442,1.0
486,486,1.0
486,502,1.0
487,487,1.0
488,488,1.0
489,0,1.0
489,13,1.0
489,16,1.0
489,25,1.0
489,35,1.0
489,36,1.0
489,45,1.0
489,59,1.0
489,64,1.0
489,71,1.0
489,74,1.0
489,84,1.0
489,121,1.0
489,132,1.0
489,134,1.0
489,136,1.0
489,138,1.0
489,157,1.0
489,161,1.0
489,168,1.0
489,180,1.0
489,185,1.0
489,189,1.0
489,202,1.0
489,217,1.0
489,260,1.0
489,279,1.0
489,299,1.0
489,303,1.0
489,314,1.0
489,318,1.0
489,329,1.0
489,334,1.0
489,366,1.0
489,368,1.0
489,373,1.0
489,394,1.0
489,398,1.0
489,402,1.0
489,408,1.0
489,417,1.0
489,419,1.0
489,441,1.0
489,442,1.0
489,454,1.0
489,489,1.0
489,502,1.0
489,537,1.0
490,490,1.0
491,491,1.0
492,492,1.0
493,493,1.0
494,0,1.0
494,16,1.0
494,30,1.0
494,36,1.0
494,44,1.0
494,45,1.0
494,49,1.0
494,58,1.0
494,59,1.0
494,61,1.0
494,63,1.0
494,64,1.0
494,71,1.0
494,74,1.0
494,84,1.0
494,98,1.0
494,116,1.0
494,117,1.0
494,121,1.0
494,132,1.0
494,134,1.0
494,136,1.0
494,138,1.0
494,148,1.0
494,150,1.0
494,157,1.0
494,161,1.0
494,165,1.0
494,173,1.0
494,180,1.0
494,185,1.0
494,192,1.0
494,202,1.0
494,217,1.0
494,237,1.0
494,260,1.0
494,279,1.0
494,282,1.0
494,288,1.0
494,303,1.0
494,312,1.0
494,314,1.0
494,318,1.0
494,329,1.0
494,333,1.0
494,334,1.0
494,344,1.0
494,362,1.0
494,366,1.0
494,368,1.0
494,373,1.0
494,388,1.0
494,394,1.0
494,398,1.0
494,400,1.0
494,402,1.0
494,404,1.0
494,408,1.0
494,413,1.0
494,417,1.0
494,426,1.0
494,441,1.0
494,442,1.0
494,443,1.0
494,449,1.0
494,453,1.0
494,455,1.0
494,461,1.0
494,462,1.0
494,494,1.0
495,495,1.0
496,496,1.0
497,36,1.0
497,64,1.0
497,74,1.0
497,121,1.0
497,132,1.0
497,180,1.0
497,185,1.0
497,314,1.0
497,442,1.0
497,497,1.0
497,502,1.0
497,506,1.0
497,518,1.0
497,519,1.0
497,527,1.0
497,537,1.0
497,544,1.0
497,546,1.0
498,13,1.0
498,30,1.0
498,35,1.0
498,44,1.0
498,134,1.0
498,138,1.0
498,157,1.0
498,168,1.0
498,187,1.0
498,189,1.0
498,226,1.0
498,253,1.0
498,260,1.0
498,318,1.0
498,329,1.0
498,366,1.0
498,373,1.0
498,376,1.0
498,408,1.0
498,417,1.0
498,419,1.0
498,426,1.0
498,436,1.0
498,472,1.0
498,498,1.0
499,499,1.0
500,0,1.0
500,49,1.0
500,59,1.0
500,61,1.0
500,142,1.0
500,202,1.0
500,279,1.0
500,303,1.0
500,398,1.0
500,399,1.0
500,404,1.0
500,481,1.0
500,500,1.0
500,502,1.0
501,501,1.0
502,0,1.0
502,4,1.0
502,6,1.0
502,13,1.0
502,16,1.0
502,25,1.0
502,31,1.0
502,32,1.0
502,35,1.0
502,36,1.0
502,45,1.0
502,49,1.0
502,58,1.0
502,59,1.0
502,61,1.0
502,63,1.0
502,64,1.0
502,71,1.0
502,74,1.0
502,83,1.0
502,84,1.0
502,86,1.0
502,121,1.0
502,132,1.0
502,134,1.0
502,136,1.0
502,138,1.0
502,142,1.0
502,147,1.0
502,148,1.0
502,149,1.0
502,157,1.0
502,161,1.0
502,165,1.0
502,168,1.0
502,177,1.0
502,180,1.0
502,185,1.0
502,189,1.0
502,192,1.0
502,193,1.0
502,196,1.0
502,202,1.0
502,214,1.0
502,216,1.0
502,217,1.0
502,218,1.0
502,220,1.0
502,222,1.0
502,231,1.0
502,245,1.0
502,254,1.0
502,256,1.0
502,259,1.0
502,260,1.0
502,266,1.0
502,279,1.0
502,299,1.0
502,301,1.0
502,303,1.0
502,312,1.0
502,314,1.0
502,318,1.0
502,321,1.0
502,322,1.0
502,323,1.0
502,327,1.0
502,329,1.0
502,334,1.0
502,337,1.0
502,351,1.0
502,358,1.0
502,359,1.0
502,366,1.0
502,368,1.0
502,371,1.0
502,373,1.0
502,394,1.0
502,398,1.0
502,399,1.0
502,402,1.0
502,404,1.0
502,405,1.0
502,408,1.0
502,409,1.0
502,417,1.0
502,419,1.0
502,423,1.0
502,425,1.0
502,440,1.0
502,441,1.0
502,442,1.0
502,454,1.0
502,455,1.0
502,470,1.0
502,471,1.0
502,481,1.0
502,485,1.0
502,486,1.0
502,489,1.0
502,497,1.0
502,500,1.0
502,502,1.0
503,503,1.0
504,30,1.0
504,44,1.0
504,63,1.0
504,116,1.0
504,173,1.0
504,192,1.0
504,312,1.0
504,333,1.0
504,344,1.0
504,362,1.0
504,426,1.0
504,443,1.0
504,504,1.0
504,510,1.0
504,520,1.0
504,526,1.0
504,541,1.0
505,505,1.0
506,30,1.0
506,36,1.0
506,44,1.0
506,45,1.0
506,49,1.0
506,61,1.0
506,64,1.0
506,71,1.0
506,74,1.0
506,84,1.0
506,121,1.0
506,132,1.0
506,134,1.0
506,136,1.0
506,138,1.0
506,148,1.0
506,157,1.0
506,161,1.0
506,165,1.0
506,180,1.0
506,185,1.0
506,187,1.0
506,226,1.0
506,253,1.0
506,260,1.0
506,282,1.0
506,288,1.0
506,314,1.0
506,318,1.0
506,329,1.0
506,334,1.0
506,366,1.0
506,368,1.0
506,373,1.0
506,376,1.0
506,394,1.0
506,402,1.0
506,404,1.0
506,408,1.0
506,417,1.0
506,426,1.0
506,441,1.0
506,442,1.0
506,449,1.0
506,455,1.0
506,472,1.0
506,497,1.0
506,506,1.0
507,328,1.0
507,364,1.0
507,507,1.0
507,519,1.0
508,508,1.0
509,0,1.0
509,13,1.0
509,30,1.0
509,44,1.0
509,49,1.0
509,59,1.0
509,61,1.0
509,71,1.0
509,136,1.0
509,150,1.0
509,168,1.0
509,189,1.0
509,202,1.0
509,279,1.0
509,303,1.0
509,334,1.0
509,398,1.0
509,402,1.0
509,404,1.0
509,419,1.0
509,426,1.0
509,441,1.0
509,449,1.0
509,454,1.0
509,509,1.0
510,30,1.0
510,44,1.0
510,63,1.0
510,83,1.0
510,116,1.0
510,173,1.0
510,177,1.0
510,192,1.0
510,214,1.0
510,222,1.0
510,312,1.0
510,333,1.0
510,344,1.0
510,358,1.0
510,361,1.0
510,362,1.0
510,371,1.0
510,426,1.0
510,443,1.0
510,504,1.0
510,510,1.0
510,526,1.0
510,541,1.0
511,511,1.0
512,512,1.0
513,30,1.0
513,44,1.0
513,83,1.0
513,177,1.0
513,187,1.0
513,214,1.0
513,222,1.0
513,223,1.0
513,226,1.0
513,229,1.0
513,253,1.0
513,346,1.0
513,358,1.0
513,361,1.0
513,371,1.0
513,376,1.0
513,412,1.0
513,426,1.0
513,472,1.0
513,513,1.0
514,514,1.0
515,412,1.0
515,515,1.0
516,63,1.0
516,192,1.0
516,312,1.0
516,516,1.0
516,520,1.0
516,526,1.0
516,540,1.0
516,541,1.0
517,517,1.0
518,31,1.0
518,36,1.0
518,64,1.0
518,74,1.0
518,121,1.0
518,132,1.0
518,180,1.0
518,185,1.0
518,256,1.0
518,314,1.0
518,323,1.0
518,351,1.0
518,442,1.0
518,497,1.0
518,518,1.0
519,13,1.0
519,36,1.0
519,64,1.0
519,74,1.0
519,101,1.0
519,121,1.0
519,132,1.0
519,168,1.0
519,180,1.0
519,185,1.0
519,189,1.0
519,241,1.0
519,314,1.0
519,328,1.0
519,364,1.0
519,419,1.0
519,442,1.0
519,497,1.0
519,507,1.0
519,519,1.0
520,30,1.0
520,44,1.0
520,63,1.0
520,116,1.0
520,173,1.0
520,192,1.0
520,312,1.0
520,333,1.0
520,344,1.0
520,362,1.0
520,426,1.0
520,443,1.0
520,504,1.0
520,516,1.0
520,520,1.0
520,526,1.0
520,541,1.0
521,521,1.0
522,522,1.0
523,0,1.0
523,59,1.0
523,202,1.0
523,279,1.0
523,303,1.0
523,398,1.0
523,523,1.0
523,541,1.0
524,524,1.0
525,525,1.0
526,30,1.0
526,44,1.0
526,63,1.0
526,83,1.0
526,116,1.0
526,173,1.0
526,177,1.0
526,192,1.0
526,214,1.0
526,222,1.0
526,312,1.0
526,333,1.0
526,344,1.0
526,358,1.0
526,361,1.0
526,362,1.0
526,371,1.0
526,426,1.0
526,443,1.0
526,504,1.0
526,510,1.0
526,516,1.0
526,520,1.0
526,526,1.0
527,0,1.0
527,36,1.0
527,59,1.0
527,64,1.0
527,74,1.0
527,121,1.0
527,132,1.0
527,180,1.0
527,185,1.0
527,202,1.0
527,279,1.0
527,303,1.0
527,314,1.0
527,398,1.0
527,442,1.0
527,497,1.0
527,527,1.0
527,537,1.0
528,528,1.0
529,49,1.0
529,61,1.0
529,71,1.0
529,136,1.0
529,149,1.0
529,187,1.0
529,253,1.0
529,334,1.0
529,359,1.0
529,376,1.0
529,392,1.0
529,402,1.0
529,404,1.0
529,412,1.0
529,441,1.0
529,472,1.0
529,529,1.0
530,100,1.0
530,151,1.0
530,320,1.0
530,530,1.0
531,0,1.0
531,31,1.0
531,59,1.0
531,202,1.0
531,256,1.0
531,279,1.0
531,303,1.0
531,323,1.0
531,398,1.0
531,412,1.0
531,531,1.0
532,187,1.0
532,253,1.0
532,376,1.0
532,472,1.0
532,532,1.0
533,533,1.0
534,0,1.0
534,5,1.0
534,39,1.0
534,59,1.0
534,83,1.0
534,177,1.0
534,202,1.0
534,214,1.0
534,222,1.0
534,279,1.0
534,303,1.0
534,358,1.0
534,371,1.0
534,378,1.0
534,398,1.0
534,534,1.0
535,30,1.0
535,44,1.0
535,426,1.0
535,535,1.0
535,541,1.0
536,50,1.0
536,104,1.0
536,113,1.0
536,268,1.0
536,536,1.0
537,0,1.0
537,6,1.0
537,13,1.0
537,16,1.0
537,25,1.0
537,35,1.0
537,36,1.0
537,45,1.0
537,49,1.0
537,58,1.0
537,59,1.0
537,61,1.0
537,64,1.0
537,71,1.0
537,74,1.0
537,84,1.0
537,121,1.0
537,132,1.0
537,134,1.0
537,136,1.0
537,138,1.0
537,148,1.0
537,157,1.0
537,161,1.0
537,165,1.0
537,168,1.0
537,180,1.0
537,185,1.0
537,187,1.0
537,189,1.0
537,202,1.0
537,212,1.0
537,217,1.0
537,253,1.0
537,260,1.0
537,277,1.0
537,279,1.0
537,299,1.0
537,301,1.0
537,303,1.0
537,314,1.0
537,318,1.0
537,324,1.0
537,329,1.0
537,334,1.0
537,366,1.0
537,368,1.0
537,373,1.0
537,376,1.0
537,392,1.0
537,394,1.0
537,398,1.0
537,402,1.0
537,404,1.0
537,408,1.0
537,412,1.0
537,417,1.0
537,419,1.0
537,436,1.0
537,441,1.0
537,442,1.0
537,454,1.0
537,455,1.0
537,472,1.0
537,489,1.0
537,497,1.0
537,527,1.0
537,537,1.0
538,13,1.0
538,168,1.0
538,189,1.0
538,419,1.0
538,538,1.0
538,541,1.0
539,31,1.0
539,256,1.0
539,323,1.0
539,539,1.0
540,63,1.0
540,192,1.0
540,312,1.0
540,516,1.0
540,540,1.0
540,541,1.0
541,0,1.0
541,13,1.0
541,30,1.0
541,35,1.0
541,44,1.0
541,49,1.0
541,59,1.0
541,61,1.0
541,63,1.0
541,71,1.0
541,83,1.0
541,116,1.0
541,134,1.0
541,135,1.0
541,136,1.0
541,138,1.0
541,148,1.0
541,157,1.0
541,165,1.0
541,168,1.0
541,173,1.0
541,177,1.0
541,189,1.0
541,192,1.0
541,202,1.0
541,204,1.0
541,214,1.0
541,217,1.0
541,222,1.0
541,231,1.0
541,237,1.0
541,254,1.0
541,260,1.0
541,279,1.0
541,303,1.0
541,312,1.0
541,318,1.0
541,329,1.0
541,333,1.0
541,334,1.0
541,344,1.0
541,358,1.0
541,361,1.0
541,362,1.0
541,366,1.0
541,368,1.0
541,371,1.0
541,373,1.0
541,388,1.0
541,398,1.0
541,402,1.0
541,404,1.0
541,408,1.0
541,413,1.0
541,417,1.0
541,419,1.0
541,426,1.0
541,441,1.0
541,443,1.0
541,449,1.0
541,453,1.0
541,454,1.0
541,455,1.0
541,462,1.0
541,504,1.0
541,510,1.0
541,516,1.0
541,520,1.0
541,523,1.0
541,535,1.0
541,538,1.0
541,540,1.0
541,541,1.0
542,542,1.0
543,543,1.0
544,36,1.0
544,45,1.0
544,64,1.0
544,74,1.0
544,121,1.0
544,132,1.0
544,134,1.0
544,138,1.0
544,157,1.0
544,161,1.0
544,180,1.0
544,185,1.0
544,260,1.0
544,314,1.0
544,318,1.0
544,329,1.0
544,366,1.0
544,373,1.0
544,394,1.0
544,408,1.0
544,417,1.0
544,442,1.0
544,497,1.0
544,544,1.0
545,545,1.0
546,36,1.0
546,49,1.0
546,61,1.0
546,64,1.0
546,74,1.0
546,121,1.0
546,132,1.0
546,180,1.0
546,185,1.0
546,314,1.0
546,404,1.0
546,442,1.0
546,497,1.0
546,546,1.0
547,547,1.0
